Nome;Latitudine;Longitudine;Indirizzo;Categoria;Macro_Categoria;p1_capire_diagnosi_orientarsi;p2_gestire_quotidianità;p3_uscire_casa_restare_attivo;p4_non_isolarsi;p5_comportamento_memoria;p6_questioni_pratiche_burocratiche;p7_caregiver;Fonte;Telefono;Web;Nome_icona
IRCCS Ospedale San Raffaele;45.50650;9.26388;Via Olgettina, 60, 20132 Milano MI;Ospedale;sanitario;;;;;;;;;;;icon-ospedale.png
Casa di Cura Igea Spa (Poliambulatorio Dezza);45.46101;9.16335;Via Giuseppe Dezza, 48, 20144 Milano MI;Ospedale;sanitario;;;;;;;;;;;icon-ospedale.png
Presidio Ospedaliero S. Carlo Borromeo;45.47466;9.10398;Via Pio II, 3, 20153 Milano MI;Ospedale;sanitario;;;;;;;;;;;icon-ospedale.png
Presidio Ospedaliero Fatebenefratelli e Oftalmico;45.47936;9.19280;Piazzale Principessa Clotilde, 3, 20121 Milano MI;Ospedale;sanitario;;;;;;;;;;;icon-ospedale.png
ASST Niguarda — CDCD;45,5106614;9,1880256;Piazza Ospedale Maggiore 3, Milano;Ospedale / CDCD;sanitario;Visita neurologica/neuropsicologica, valutazione cognitiva multidimensionale, restituzione diagnostica, piano terapeutico (PDTAR);;;;"Monitoraggio e gestione farmacologica dei disturbi comportamentali; follow-up cognitivo periodico";;"Gruppi psicoeducativi per caregiver; sportello di supporto psicologico per familiari (c/o Centro Neuropsicologia Cognitiva); counseling individuale";https://www.ospedaleniguarda.it/news/leggi/centro-per-i-disturbi-cognitivi-e-le-demenze-cdcd | https://www.ospedaleniguarda.it/strutture/info/centro-neuropsicologia-cognitiva;Tel. 0264445848 — CUP 800638638;gabriella.bottini@ospedaleniguarda.it;icon-ospedale.png
ASST Pini-CTO — CDCD;45,5257391;9,2139846;Via Bignami 1, Milano;Ospedale / CDCD;sanitario;"Prima visita neurologica per disturbo cognitivo; valutazione neuropsicologica; diagnosi differenziale demenze";;;;"Visita neurologica di controllo; gestione terapia farmacologica per disturbi cognitivi e comportamentali";;;https://www.asst-pini-cto.it/it/aree-specialistiche/dipartimento-reumatologia-scienze-mediche/uoc-centro-parkinson-parkinsonismi/ambulatorio-centro-disturbi-cognitivi-demenze;Tel. 800638638;centro.parkinson@asst-pini-cto.it;icon-ospedale.png
Casa di cura privata del Policlinico — CDCD;45,4589035;9,162342;Via Giuseppe Dezza 48, Milano;Casa di cura / CDCD;sanitario;"Visita neurologica primo accesso CDCD; valutazione neuropsicologica e diagnostica strumentale";;;;"Visita neurologica di controllo; monitoraggio disturbi cognitivi";;;https://www.ats-milano.it/ats/carta-servizi/guida-servizi/disabilita-non-autosufficienza/demenza/demenza;Tel. 02485931 — CUP 0248593400;direzione.generale@ccppdezza.it;icon-ospedale.png
Ospedale S. Carlo Borromeo — CDCD;45,468576;9,1144907;Via Pio II 3, Milano;Ospedale / CDCD;sanitario;"Prima visita CDCD per disturbo cognitivo; valutazione neurologica e neuropsicologica";;;;"Visita di controllo; monitoraggio terapia";;;https://www.ats-milano.it/ats/carta-servizi/guida-servizi/disabilita-non-autosufficienza/demenza/demenza;Tel. 0240222075 — CUP 0240222747;seg.neurologia.hsc@asst-santipaolocarlo.it;icon-ospedale.png
Fondazione Don Gnocchi — Istituto Palazzolo — CDCD;45,4893982;9,1445827;Via Don Luigi Palazzolo 21, Milano;Fondazione / CDCD;sanitario;"Visita geriatrica CDCD prima visita; valutazione multidimensionale";;;;"Visita geriatrica CDCD di controllo; monitoraggio disturbi cognitivi";;;https://www.ats-milano.it/ats/carta-servizi/guida-servizi/disabilita-non-autosufficienza/demenza/demenza;Tel. 0239701 — CUP 0239703465;dir-san.palazzolo@dongnocchi.it;icon-ospedale.png
Fondazione IRCCS Ca' Granda Policlinico — Centro Alzheimer;45,4589944;9,1949011;Via Francesco Sforza 35, Milano;IRCCS / CDCD;sanitario;"Visita neurologica prima visita; diagnostica avanzata (liquor, genetica, neuroimaging) per diagnosi differenziale demenze";;;;"Visita neurologica di controllo; prescrizione e monitoraggio terapia farmacologica anticolinesterasici";;;https://www.policlinico.mi.it/centri-di-riferimento/4/centro-per-disturbi-cognitivi-e-demenze-cdcd;Tel. 0255033814;centro.alzheimer@policlinico.mi.it;icon-ospedale.png
Fondazione IRCCS Istituto Neurologico Carlo Besta — CDCD;45,4771328;9,230656;Via Celoria 11, Milano;IRCCS / CDCD;sanitario;"Visita neurologica per decadimento cognitivo; valutazione neuropsicologica clinica; diagnostica avanzata per demenze degenerative";;;;"Visita neurologica di controllo; monitoraggio disturbi cognitivi e comportamentali";;;https://www.istituto-besta.it/reparti/neuropsicologia-clinica-46;Tel. 0223942260 — CUP 02266021;neuropatologia@istituto-besta.it;icon-ospedale.png
IRCCS Ospedale S. Raffaele — CDCD;45,5062201;9,2676569;Via Olgettina 48, Milano;IRCCS / CDCD;sanitario;"Visita neurologica prima visita; valutazione multidisciplinare; diagnostica avanzata (PET, biomarcatori, genetica)";;;;"Visita neurologica di controllo; stimolazione e tele-riabilitazione cognitiva; terapia non farmacologica";;"Programmi di supporto psico-educativo dedicati ai caregiver; indicazioni per gestione quotidiana della demenza";https://www.hsr.it/strutture/ospedale-san-raffaele/centro-alzheimer-patologie-correlate | https://sanraffaele.it/centri/centro-disturbi-cognitivi-demenze/;Tel. 0226432811 — CUP 0226432643;cdcd@hsr.it;icon-ospedale.png
IRCCS S. Maria Nascente — Fondazione Don Gnocchi — CDCD;45,47328;9,12702;Via Alfonso Capecelatro 66, Milano;IRCCS / CDCD;sanitario;"Visita neurologica prima visita CDCD; iter diagnostico multidimensionale (cognitivo, comportamentale, funzionale)";;;;"Visita neurologica di controllo; piano di trattamento personalizzato per fasi della malattia";;;https://www.dongnocchi.it/@strutture/centro-irccs-s-maria-nascente/servizi/centro-per-i-disturbi-cognitivi-e-demenze-cdcd;Tel. 0240308327 — CUP 0240308244;dirsanitaria.mi.smnascente@dongnocchi.it;icon-ospedale.png
Istituto Auxologico Italiano IRCCS — P.le Brescia;45,4720524;9,145224;Piazzale Brescia 20, Milano;IRCCS / CDCD;sanitario;"Visita neurologica e multidisciplinare c/o Centro Disturbi Cognitivi; ambulatorio per prevenzione declino cognitivo (Brain Health)";;;;"Visita di controllo; riabilitazione cognitiva; terapia non farmacologica";;Colloqui psicologici di supporto a pazienti e caregiver;https://www.auxologico.it/centro-disturbi-cognitivi-demenze-cdcd;Tel. 02619112665 — CUP 02619112501;centrodisturbicognitivi@auxologico.it;icon-ospedale.png
Istituto Geriatrico Piero Redaelli — CDCD;45,4587323;9,1398213;Via Bartolomeo d'Alviano 78, Milano;Istituto geriatrico / CDCD;sanitario;"Visita geriatrica CDCD prima visita; screening cognitivo rapido (Percorso Me.Mo.Ri.); valutazione neuropsicologica";;;;"Visita geriatrica di controllo; monitoraggio disturbi cognitivi e comportamentali";;Counseling ai familiari al momento della restituzione diagnostica e nel follow-up;https://www.golgiredaelli.it/servizi_sanitari/cdcd-centro-disturbi-cognitivi-e-demenze-ex-uva-milano/ | https://www.golgiredaelli.it/servizi_sanitari/percorso-memory/;Tel. 0241315296 — CUP 0241315374;cdcd@golgiredaelli.it;icon-ospedale.png
Ospedale Luigi Sacco — CDCD;45,5175532;9,1201819;Via G.B. Grassi 74, Milano;Ospedale / CDCD;sanitario;"Visita neurologica c/o Centro Disturbi Cognitivi; valutazione neuropsicologica";;;;"Visita neurologica di controllo; monitoraggio disturbi cognitivi";;;https://www.ats-milano.it/ats/carta-servizi/guida-servizi/disabilita-non-autosufficienza/demenza/demenza;Tel. 0239042373 — CUP 800638638;neuropsicologia@asst-fbf-sacco.it;icon-ospedale.png
Ospedale S. Paolo — CDCD;45,4334672;9,1579891;Via di Rudinì 8, Milano;Ospedale / CDCD;sanitario;"Prima visita neurologica ambulatorio UVA/CDCD; valutazione neuropsicologica";;;;"Visita neurologica di controllo UVA/CDCD; monitoraggio terapia";;;https://www.ats-milano.it/ats/carta-servizi/guida-servizi/disabilita-non-autosufficienza/demenza/demenza;Tel. 0281844569;neurologia.uva.hsp@asst-santipaolocarlo.it;icon-ospedale.png
Ospedale S. Raffaele Turro — CDCD;45,4991936;9,2291326;Via Stamira d'Ancona 20, Milano;Ospedale / CDCD;sanitario;"Visita neurologica UVA prima visita; valutazione multidisciplinare per disturbi cognitivi";;;;"Visita neurologica UVA di controllo; terapie non farmacologiche";;"Programmi di supporto continuo per caregiver (CARD); indicazioni pratiche per gestione quotidiana";https://www.hsr.it/strutture/ospedale-san-raffaele/centro-alzheimer-patologie-correlate;Tel. 0226435737 — CUP 0226432643;marcone.alessandra@hsr.it;icon-ospedale.png
Auxologico Capitanio — Pier Lombardo — CDCD;45,45378;9,20768;Via Pier Lombardo 22, Milano;IRCCS / CDCD;sanitario;"Visita neurologica e multidisciplinare c/o Centro Disturbi Cognitivi; ambulatorio Brain Health";;;;"Visita di controllo; riabilitazione cognitiva";;Colloqui psicologici di supporto a pazienti e caregiver;https://www.auxologico.it/centro-disturbi-cognitivi-demenze-cdcd;Tel. 02619112665 — CUP 02619112501;centrodisturbicognitivi@auxologico.it;icon-ospedale.png
Auxologico San Luca — Mosè Bianchi — CDCD;45,4750186;9,1460516;Via Mosè Bianchi 90, Milano;IRCCS / CDCD;sanitario;"Visita neurologica e multidisciplinare c/o Centro Disturbi Cognitivi; ambulatorio Brain Health";;;;"Visita di controllo; riabilitazione cognitiva";;Colloqui psicologici di supporto a pazienti e caregiver;https://www.auxologico.it/centro-disturbi-cognitivi-demenze-cdcd;Tel. 02619112665 — CUP 02619112501;centrodisturbicognitivi@auxologico.it;icon-ospedale.png
URP - Ufficio Relazioni con il Pubblico;45.517879;9.12119;VIA G. B. GRASSI, 74;URP - Ufficio Relazioni con il Pubblico;sanitario;;;;;;;;;;;icon-sportello-locale.png
URP - Ufficio Relazioni con il Pubblico;45.486008;9.167098;VIA L. CASTELVETRO, 32;URP - Ufficio Relazioni con il Pubblico;sanitario;;;;;;;;;;;icon-sportello-locale.png
URP - Ufficio Relazioni con il Pubblico;45.479479;9.19182;P.LE PRINCIPESSA CLOTILDE, 3;URP - Ufficio Relazioni con il Pubblico;sanitario;;;;;;;;;;;icon-sportello-locale.png
URP - Ufficio Relazioni con il Pubblico;45.485014;9.219059;VIA RICORDI, 1;URP - Ufficio Relazioni con il Pubblico;sanitario;;;;;;;;;;;icon-sportello-locale.png
URP - Ufficio Relazioni con il Pubblico;45.441128;9.217476;VIA OGLIO, 18;URP - Ufficio Relazioni con il Pubblico;sanitario;;;;;;;;;;;icon-sportello-locale.png
Sportello Alzheimer ASST Niguarda — Centro di Neuropsicologia Cognitiva;45,5105034;9,1881707;Piazza dell'Ospedale Maggiore 3, 20162 Milano;Presidio ospedaliero ambulatoriale;sociosanitario;"Sportello di orientamento post-diagnosi per familiari e pazienti; informazioni sulla rete dei servizi territoriali";;;;"Neuropsicologia cognitiva; valutazione e monitoraggio";;;https://www.ospedaleniguarda.it/strutture/info/centro-neuropsicologia-cognitiva | https://www.deborahgiovanati.it/sportello-alzheimer-una-realta-territoriale-imprescindibile/;—;—;icon-poliambulatorio.png
Poliambulatorio P.le Accursio;45.491683;9.145353;Piazzale Accursio, 7;Poliambulatorio territoriale;sociosanitario;;;;;;;;;;;icon-poliambulatorio.png
Poliambulatorio Via Andrea Doria;45.486049;9.215274;Via Andrea Doria, 52;Poliambulatorio territoriale;sociosanitario;;;;;;;;;;;icon-poliambulatorio.png
POLIAMBULATORIO DON BOSCO;45.443234;9.214613;Via Don Bosco;Poliambulatorio territoriale;sociosanitario;;;;;;;;;;;icon-poliambulatorio.png
Poliambulatorio Ippocrate;45.521636;9.164146;Via Ippocrate, 45;Poliambulatorio territoriale;sociosanitario;;;;;;;;;;;icon-poliambulatorio.png
Poliambulatorio Livigno;45.497611;9.178851;Via Livigno, 2/A;Poliambulatorio territoriale;sociosanitario;;;;;;;;;;;icon-poliambulatorio.png
Poliambulatorio Via Masaniello;45.462891;9.090955;Via Masaniello, 23;Poliambulatorio territoriale;sociosanitario;;;;;;;;;;;icon-poliambulatorio.png
POLIAMBULATORIO MONTE PALOMBINO;45.431730;9.243937;Via Monte Palombino, 4;Poliambulatorio territoriale;sociosanitario;;;;;;;;;;;icon-poliambulatorio.png
Poliambulatorio Piranesi;45.460998;9.229821;Via Piranesi, 39;Poliambulatorio territoriale;sociosanitario;;;;;;;;;;;icon-poliambulatorio.png
Poliambulatorio Via Ripamonti;45.449824;9.196856;Via Ripamonti, 20;Poliambulatorio territoriale;sociosanitario;;;;;;;;;;;icon-poliambulatorio.png
POLIAMBULATORIO VIA RUGABELLA;45.458748;9.188787;Via Rugabella, 4/6;Poliambulatorio territoriale;sociosanitario;;;;;;;;;;;icon-poliambulatorio.png
Poliambulatorio Saint Bon;45.460219;9.121323;Via Saint Bon, 3;Poliambulatorio territoriale;sociosanitario;;;;;;;;;;;icon-poliambulatorio.png
Poliambulatorio Via Stromboli;45.458651;9.157903;Via Stromboli, 19;Poliambulatorio territoriale;sociosanitario;;;;;;;;;;;icon-poliambulatorio.png
Poliambulatorio Via Baroni;45.412275;9.171568;Via Baroni, 48;Poliambulatorio territoriale;sociosanitario;;;;;;;;;;;icon-poliambulatorio.png
POLIAMBULATORIO VIA DON ORIONE;45.501608;9.237359;Via Don Orione, 2;Poliambulatorio territoriale;sociosanitario;;;;;;;;;;;icon-poliambulatorio.png
POLIAMBULATORIO Via G. Antonio Sassi;45.466679;9.171834;Via Antonio Sassi, 4;Poliambulatorio territoriale;sociosanitario;;;;;;;;;;;icon-poliambulatorio.png
Centro di Incontro e Supporto (Dott.ssa Pacenza);45,4389071;9,1368385;Via Crivelli 5, Milano;Centri di Incontro e Supporto;sociosanitario;;;Attività di stimolazione cognitiva e psicomotricità (tre mezze giornate/settimana, 9-13);;;Gruppo di supporto per caregiver;Gruppo di supporto per caregiver;https://it.linkedin.com/company/piccolo-principe-societ%C3%A0-cooperativa-onlus;Tel. 3284372001;—;icon-centro-culturale-terapeutico.png
Sociosfera — Servizi di prossimità;45,487171;9,1549398;Via Teodorico 4, Milano;Cooperativa sociale;sociosanitario;;"Servizio badanti; servizio pasti a domicilio";Laboratori 'Alleniamo la Mente': stimolazione cognitiva per over 65 in centri di prossimità e centri anziani;;;Centro di Psicologia e Pedagogia Sociosfera: supporto psicologico;"Gruppi di supporto per caregiver di persone con demenza; colloqui psicologici (Centro di Psicologia e Pedagogia)";https://www.sociosfera.it/ | https://www.sociosfera.it/anziani-in-mente-sociosfera/;Tel. 0289919333 — 3346103043;serviziprivati.mi@sociosfera.it — infocentri@sociosfera.it;icon-cooperativa.png
EQUA Cooperativa Sociale — Smart 4 Alzheimer;45,50259;9,142;Via Bicetti de' Buttinoni 15, Milano;Cooperativa sociale;sociosanitario;"Orientamento informativo sulla rete dei servizi e risorse territoriali; case manager come interlocutore unico per la famiglia";"Assistenza domiciliare con OSS/fisioterapista; accompagnamento (spesa, uscite concordate)";"Attività di stimolazione fisica e cognitiva; interventi riabilitativi a indirizzo ludico/occupazionale";;Monitoraggio problematiche comportamentali e disturbi del comportamento;Case manager orienta e supporta nel percorso burocratico-assistenziale;"Sollievo dal carico assistenziale per le famiglie; case manager come riferimento stabile per il caregiver";https://equacooperativa.it/project/smart4-alzheimer/;Tel. 0235974500 — coord. 3283443531;www.equacooperativa.it — federico.stevan@equacooperativa.it;icon-cooperativa.png
Centro di Psicologia e Pedagogia Sociosfera;45,487171;9,1549398;Via Teodorico 4, Milano;Cooperativa sociale;sociosanitario;;;;;;Supporto psicologico per caregiver;Supporto psicologico e consulenza psico-pedagogica per caregiver;https://www.sociosfera.it/;Tel. 3346103043;infocentri@sociosfera.it;icon-centro-psicologico.png
Cooperativa 'Il Piccolo Principe';45,4407127;9,1744801;Via Rimini, Milano;Cooperativa sociale;sociosanitario;;Ricerca e gestione assistenti familiari/badanti qualificati (servizio ConCura);Alzheimer Café: attività di musicoterapia, canto, suono in gruppo (4 zone di Milano);Alzheimer Café: spazio di incontro e socializzazione per persone con demenza e familiari;Musicoterapia per riduzione disturbi comportamentali (2 volte/mese per zona);;"Alzheimer Café: spazio di confronto tra caregiver; progetto Cure Plurime con gruppi dedicati ai familiari";https://piccoloprincipeonlus.org/alzheimer-cafe/ | https://piccoloprincipeonlus.org/assistenza/;Tel. 0284893234 — 0258111712;info@piccoloprincipe.org — info@concura.eu;icon-cooperativa.png
Cooperativa RIPARI;45,4615363;9,1961926;Via Della Signora, Milano;Cooperativa sociale;sociosanitario;;Ricerca e gestione badanti/assistenti familiari (operatrici con attestato ASA/OSS);;;;;;https://www.aclimilano.it/assistenza-domiciliare/;Tel. 0276017553 — 50033128;ricerca.badanti@aclimilano.com;icon-cooperativa.png
Paloma 2000;;;X;Cooperativa sociale;sociosanitario;;Servizio di custode sociale (accreditato e privato);;;;;;;—;—;icon-cooperativa.png
Nuovi Orizzonti;45,4864673;9,214241;Via Sabaudia 8, Milano;Cooperativa sociale;sociosanitario;;Servizio di Assistenza Domiciliare (SAD);;;;;;;—;adi.servizi@nuoviorizzonticooperativa.it;icon-cooperativa.png
Ancora Servizi;;;X;Cooperativa sociale;sociosanitario;;Servizio SAD su tutto il territorio milanese;;;;;;;—;—;icon-cooperativa.png
Cooperativa EQUA — custode sociale / SAD;45,50259;9,142;Via Bicetti de' Buttinoni 15, Milano;Cooperativa sociale;sociosanitario;;Servizi con OSS e ASA, accompagnamento (spesa, piccole uscite concordate);;;;;;;Tel. 0235974500;www.equacooperativa.it;icon-cooperativa.png
COGESS;;;X;Cooperativa sociale;sociosanitario;;"Servizio SAD; custodia sociale (Municipio 9)";;;;;;;—;—;icon-cooperativa.png
Coop. La Strada;45,473702;9,170685;Milano (prevalentemente Zona 4);Cooperativa sociale;sociosanitario;;"Servizio SAD; custodia sociale (spesa, disbrigo pratiche)";;Relazione continuativa col paziente incluso contatto telefonico periodico;Relazione continuativa col paziente, anche contatto telefonico;;;https://www.aclimilano.it/assistenza-domiciliare/;Tel. 0255213838;—;icon-cooperativa.png
Spazio Aperto Servizi;;;X;Cooperativa sociale;sociosanitario;;"Custodia sociale (accesso tramite Comune di Milano; ISEE max 13.200€)";Ginnastica dolce, yoga, arteterapia nell'ambito della custodia sociale;;;;;https://equacooperativa.it/project_tag/anziani/;—;—;icon-cooperativa.png
A Casa Tua s.r.l.;;;X;Ente gestore ADI;sociosanitario;;Cure domiciliari / assistenza domiciliare integrata (ADI);;;;;;;milano@acasatuasrl.it — 0250301295 / 800661899;—;icon-ente-gestore-adi.png
A.A.C. Aurea Assistenza e Cura Gestioni s.r.l.;;;X;Ente gestore ADI;sociosanitario;;Cure domiciliari / assistenza domiciliare integrata (ADI);;;;;;;postmaster@curedomiciliare.it — 0251620199;—;icon-ente-gestore-adi.png
A.M.P. Paxme Domiciliare Coop. Sociale;;;X;Ente gestore ADI;sociosanitario;;Cure domiciliari / assistenza domiciliare integrata (ADI);;;;;;;adi@paxme.com;—;icon-ente-gestore-adi.png
ABC Unisalus s.r.l.;;;X;Ente gestore ADI;sociosanitario;;Cure domiciliari / assistenza domiciliare integrata (ADI);;;;;;;attivazioni.adi@unisalus.it — 0245481129 / 3466093422;—;icon-ente-gestore-adi.png
Adi Sanitas s.r.l.;;;X;Ente gestore ADI;sociosanitario;;Cure domiciliari / assistenza domiciliare integrata (ADI);;;;;;;adisanitas@gmail.com — 0238239549;—;icon-ente-gestore-adi.png
Ale.Mar Cooperativa Sociale Onlus;;;X;Ente gestore ADI;sociosanitario;;Cure domiciliari / assistenza domiciliare integrata (ADI);;;;;;;adi@alemaronlus.it — 038173703;—;icon-ente-gestore-adi.png
AQuA s.r.l.;;;X;Ente gestore ADI;sociosanitario;;Cure domiciliari / assistenza domiciliare integrata (ADI);;;;;;;info@assoaqua.it — 0236552585;—;icon-ente-gestore-adi.png
ASST Fatebenefratelli-Sacco;;;X;Ente gestore ADI;sociosanitario;;Cure domiciliari / assistenza domiciliare integrata (ADI);;;;;;;udo.curedomiciliari@asst-fbf-sacco;—;icon-ente-gestore-adi.png
Centro Medico Sanitario Ro.Pa.Ri s.r.l. (La Viscontea);;;X;Ente gestore ADI;sociosanitario;;Cure domiciliari / assistenza domiciliare integrata (ADI);;;;;;;la.viscontea@virgilio.it — 0381691547;—;icon-ente-gestore-adi.png
Consorzio Domicare Soc. Coop. Sociale;;;X;Ente gestore ADI;sociosanitario;;Cure domiciliari / assistenza domiciliare integrata (ADI);;;;;;;consorzio@consorziodomicare.it — 0248752022;—;icon-ente-gestore-adi.png
Consorzio Sanlab;;;X;Ente gestore ADI;sociosanitario;;Cure domiciliari / assistenza domiciliare integrata (ADI);;;;;;;info@consorziosanlab.it — 039366330;—;icon-ente-gestore-adi.png
Cooperativa ASS.I.S.TE. Soc. Coop. Sociale;;;X;Ente gestore ADI;sociosanitario;;Cure domiciliari / assistenza domiciliare integrata (ADI);;;;;;;domiciliare.milano@assiste — 0249580498;—;icon-ente-gestore-adi.png
Coop. Sociale e di Lavoro Operatori Sanitari Associati (OSA);;;X;Ente gestore ADI;sociosanitario;;Cure domiciliari / assistenza domiciliare integrata (ADI);;;;;;;info@osa.coop — 037382105;—;icon-ente-gestore-adi.png
Coop. Sociale Nuova Sair Onlus;;;X;Ente gestore ADI;sociosanitario;;Cure domiciliari / assistenza domiciliare integrata (ADI);;;;;;;cure.domiciliari@nuovasair — 0236763541;—;icon-ente-gestore-adi.png
Coop. Sociale Rieducazione Motoria Onlus;;;X;Ente gestore ADI;sociosanitario;;Cure domiciliari / assistenza domiciliare integrata (ADI);;;;;;;adimilano@crmsociale.it — 023581439;—;icon-ente-gestore-adi.png
Finisterre s.r.l.;;;X;Ente gestore ADI;sociosanitario;;Cure domiciliari / assistenza domiciliare integrata (ADI);;;;;;;milanocitta@finisterre.med — 0273952837;—;icon-ente-gestore-adi.png
Fondazione Biffi Onlus;;;X;Ente gestore ADI;sociosanitario;;Cure domiciliari / assistenza domiciliare integrata (ADI);;;;;;;info@fondazionebiffi.it — 0248302825;—;icon-ente-gestore-adi.png
Fondazione Don Carlo Gnocchi Onlus;;;X;Ente gestore ADI;sociosanitario;;Cure domiciliari / assistenza domiciliare integrata (ADI);;;;;;;adi.mi.palazzolo@dongnocchi.it — 0238253101;—;icon-ente-gestore-adi.png
Fondazione Istituto dei Ciechi di Milano Onlus;;;X;Ente gestore ADI;sociosanitario;;Cure domiciliari / assistenza domiciliare integrata (ADI);;;;;;;adinonvedenti.istciechi@gmail — 0277226271;—;icon-ente-gestore-adi.png
Fondazione Maddalena Grassi;;;X;Ente gestore ADI;sociosanitario;;Cure domiciliari / assistenza domiciliare integrata (ADI);;;;;;;assistenza@fondazionemaddalena — 0236569668;—;icon-ente-gestore-adi.png
Fondazione Ospedale Marchesi di Inzago;;;X;Ente gestore ADI;sociosanitario;;Cure domiciliari / assistenza domiciliare integrata (ADI);;;;;;;direzionegenerale@fondazionemarchesi.it — 0295312343;—;icon-ente-gestore-adi.png
Global Insubria Soc. Coop. Sociale;;;X;Ente gestore ADI;sociosanitario;;Cure domiciliari / assistenza domiciliare integrata (ADI);;;;;;;info-globalinsubria@libero — 0239989761;—;icon-ente-gestore-adi.png
Home Nursing La Rugiada Soc. Coop. Sociale;;;X;Ente gestore ADI;sociosanitario;;Cure domiciliari / assistenza domiciliare integrata (ADI);;;;;;;hnrugiada.coordinamento@gmail.com — 0273952837;—;icon-ente-gestore-adi.png
Insubria Assistenza Medicina e Salute;;;X;Ente gestore ADI;sociosanitario;;Cure domiciliari / assistenza domiciliare integrata (ADI);;;;;;;adi@insubriassistenza.it — 0331333733;—;icon-ente-gestore-adi.png
Istituto Geriatrico Milanese s.p.a.;;;X;Ente gestore ADI;sociosanitario;;Cure domiciliari / assistenza domiciliare integrata (ADI);;;;;;;assistentesociale@igm-care — 02487887;—;icon-ente-gestore-adi.png
La Casa del Sole Soc. Coop. Sociale;;;X;Ente gestore ADI;sociosanitario;;Cure domiciliari / assistenza domiciliare integrata (ADI);;;;;;;adi@lacasadelsole.net — 0289126551;—;icon-ente-gestore-adi.png
LAM Centro Biomedico s.r.l.;;;X;Ente gestore ADI;sociosanitario;;Cure domiciliari / assistenza domiciliare integrata (ADI);;;;;;;coordinamento@lamcentro — 3405338052 / 0363760030;—;icon-ente-gestore-adi.png
Life Cure s.r.l.;;;X;Ente gestore ADI;sociosanitario;;Cure domiciliari / assistenza domiciliare integrata (ADI);;;;;;;—;—;icon-ente-gestore-adi.png
Sapio (adi.lombardia@sapio.it);;;X;Ente gestore ADI;sociosanitario;;Cure domiciliari / assistenza domiciliare integrata (ADI);;;;;;;adi.lombardia@sapio.it — 03983981;—;icon-ente-gestore-adi.png
Linde Medicale s.r.l.;;;X;Ente gestore ADI;sociosanitario;;Cure domiciliari / assistenza domiciliare integrata (ADI);;;;;;;adi.lombardia@linde.com — 0296248544;—;icon-ente-gestore-adi.png
Lo Scrigno Magico Soc. Coop. Sociale;;;X;Ente gestore ADI;sociosanitario;;Cure domiciliari / assistenza domiciliare integrata (ADI);;;;;;;scrignoadi@tiscali.it — 038154068;—;icon-ente-gestore-adi.png
Medicasa Italia s.p.a.;;;X;Ente gestore ADI;sociosanitario;;Cure domiciliari / assistenza domiciliare integrata (ADI);;;;;;;medicasa.milano@airliquide — 800209288;—;icon-ente-gestore-adi.png
Mosaico Home Care s.r.l.;;;X;Ente gestore ADI;sociosanitario;;Cure domiciliari / assistenza domiciliare integrata (ADI);;;;;;;curedomiciliari.milano.mosaico — 800520999;—;icon-ente-gestore-adi.png
Multimedica s.p.a.;;;X;Ente gestore ADI;sociosanitario;;Cure domiciliari / assistenza domiciliare integrata (ADI);;;;;;;adi@multimedica.it — 0224209043;—;icon-ente-gestore-adi.png
Nurseitalia s.r.l.;;;X;Ente gestore ADI;sociosanitario;;Cure domiciliari / assistenza domiciliare integrata (ADI);;;;;;;iptorricelli@nurseitalia.it — 3494593847;—;icon-ente-gestore-adi.png
Opera Pia Francesca Colleoni De Maestri — Impresa Sociale;;;X;Ente gestore ADI;sociosanitario;;Cure domiciliari / assistenza domiciliare integrata (ADI);;;;;;;paolo.cerruti@fondazionecolleoni.it — 0331880356;—;icon-ente-gestore-adi.png
Paloma 2000 Coop. Sociale a r.l. Onlus;;;X;Ente gestore ADI;sociosanitario;;Cure domiciliari / assistenza domiciliare integrata (ADI);;;;;;;asl@paloma2000.it — 0229536073;—;icon-ente-gestore-adi.png
Punto Service Coop. Sociale a r.l.;;;X;Ente gestore ADI;sociosanitario;;Cure domiciliari / assistenza domiciliare integrata (ADI);;;;;;;assistenzadomiciliare@puntoservice.org — 026460809;—;icon-ente-gestore-adi.png
Sociosfera Soc. Coop. Sociale Onlus (ADI);;;X;Ente gestore ADI;sociosanitario;;Cure domiciliari / assistenza domiciliare integrata (ADI);;;;;;;coord.adi@sociosfera.it — 3489111924;—;icon-ente-gestore-adi.png
Spazio Vita Niguarda Soc. Coop. Sociale;;;X;Ente gestore ADI;sociosanitario;;Cure domiciliari / assistenza domiciliare integrata (ADI);;;;;;;adi@spaziovitaniguarda.coop — 0266114333;—;icon-ente-gestore-adi.png
Trust Medical s.r.l.;;;X;Ente gestore ADI;sociosanitario;;Cure domiciliari / assistenza domiciliare integrata (ADI);;;;;;;adi@trustmedical.it — 0287338090;—;icon-ente-gestore-adi.png
Vivisol s.r.l. (Gallarate);;;X;Ente gestore ADI;sociosanitario;;Cure domiciliari / assistenza domiciliare integrata (ADI);;;;;;;adissg@vivisol.it — 0331777934;—;icon-ente-gestore-adi.png
Vivisol s.r.l. (Sesto S.G.);;;X;Ente gestore ADI;sociosanitario;;Cure domiciliari / assistenza domiciliare integrata (ADI);;;;;;;adissg@vivisol.it — 800990161;—;icon-ente-gestore-adi.png
A.S.P. Istituti Milanesi Martinitt e Stelline e Pio Albergo Trivulzio;;;X;Ente gestore ADI;sociosanitario;;Cure domiciliari / assistenza domiciliare integrata (ADI);;;;;;;c-dom@pioalbergotrivulzio — 024029638;—;icon-ente-gestore-adi.png
La Villa s.r.l. (Gratiae/Eukedos);;;X;Ente gestore ADI;sociosanitario;;Cure domiciliari / assistenza domiciliare integrata (ADI);;;;;;;info.gratiae@eukedos.it — 0257462801;—;icon-ente-gestore-adi.png
Martinengo Soc. Coop. Sociale;;;X;Ente gestore ADI;sociosanitario;;Cure domiciliari / assistenza domiciliare integrata (ADI);;;;;;;adi.curepalliative@cooperativa — 0257303632;—;icon-ente-gestore-adi.png
Istituto Clinico Città Studi;;;X;Ente gestore ADI;sociosanitario;;Cure domiciliari / assistenza domiciliare integrata (ADI);;;;;;;adi@ic-cittastudi.it — 0223936200;—;icon-ente-gestore-adi.png
ADOMI Cure Domiciliari;;;X;Ente gestore ADI;sociosanitario;;Cure domiciliari / assistenza domiciliare integrata (ADI);;;;;;;info@adomi.it — 0270017387;—;icon-ente-gestore-adi.png
Casa di Comunità BANDENERE;45,416224;9,072748;P.zza Bande Nere 3, Milano;Casa di Comunità;sociosanitario;"Punto di accesso e orientamento ai servizi sanitari e sociosanitari del territorio; porta d'ingresso per pazienti fragili e cronici";;;;;;;https://www.ats-milano.it/ats/carta-servizi/guida-servizi/assistenza-sociosanitaria/case-comunita/casa-comunita;—;—;icon-poliambulatorio.png
Casa di Comunità DON ORIONE;45,501408;9,2374461;Viale Don Orione 2, Milano;Casa di Comunità;sociosanitario;"Punto di accesso e orientamento ai servizi sanitari e sociosanitari del territorio; porta d'ingresso per pazienti fragili e cronici";;;;;;;https://www.ats-milano.it/ats/carta-servizi/guida-servizi/assistenza-sociosanitaria/case-comunita/casa-comunita;—;—;icon-poliambulatorio.png
Casa di Comunità DORIA/RICORDI;45,4858349;9,2151382;Via A. Doria 52, Milano;Casa di Comunità;sociosanitario;"Punto di accesso e orientamento ai servizi sanitari e sociosanitari del territorio; porta d'ingresso per pazienti fragili e cronici";;;;;;;https://www.ats-milano.it/ats/carta-servizi/guida-servizi/assistenza-sociosanitaria/case-comunita/casa-comunita;—;—;icon-poliambulatorio.png
Casa di Comunità FARINI;45,4843378;9,1816088;Via Farini 9, Milano;Casa di Comunità;sociosanitario;"Punto di accesso e orientamento ai servizi sanitari e sociosanitari del territorio; porta d'ingresso per pazienti fragili e cronici";;;;;;;https://www.ats-milano.it/ats/carta-servizi/guida-servizi/assistenza-sociosanitaria/case-comunita/casa-comunita;—;—;icon-poliambulatorio.png
Casa di Comunità GOLA;45,448971;9,1735624;Via Gola 22, Milano;Casa di Comunità;sociosanitario;"Punto di accesso e orientamento ai servizi sanitari e sociosanitari del territorio; porta d'ingresso per pazienti fragili e cronici";;;;;;;https://www.ats-milano.it/ats/carta-servizi/guida-servizi/assistenza-sociosanitaria/case-comunita/casa-comunita;—;—;icon-poliambulatorio.png
Casa di Comunità LIVIGNO;45,4974463;9,1789138;Via Livigno 2/A, Milano;Casa di Comunità;sociosanitario;"Punto di accesso e orientamento ai servizi sanitari e sociosanitari del territorio; porta d'ingresso per pazienti fragili e cronici";;;;;;;https://www.ats-milano.it/ats/carta-servizi/guida-servizi/assistenza-sociosanitaria/case-comunita/casa-comunita;—;—;icon-poliambulatorio.png
Casa di Comunità MASANIELLO;45,4628809;9,0908564;Via Masaniello 23, Milano;Casa di Comunità;sociosanitario;"Punto di accesso e orientamento ai servizi sanitari e sociosanitari del territorio; porta d'ingresso per pazienti fragili e cronici";;;;;;;https://www.ats-milano.it/ats/carta-servizi/guida-servizi/assistenza-sociosanitaria/case-comunita/casa-comunita;—;—;icon-poliambulatorio.png
Casa di Comunità MONREALE;45,47589;9,13953;Via Monreale 13, Milano;Casa di Comunità;sociosanitario;"Punto di accesso e orientamento ai servizi sanitari e sociosanitari del territorio; porta d'ingresso per pazienti fragili e cronici";;;;;;;https://www.ats-milano.it/ats/carta-servizi/guida-servizi/assistenza-sociosanitaria/case-comunita/casa-comunita;—;—;icon-poliambulatorio.png
Casa di Comunità RUGABELLA;45,458984;9,1891977;via Rugabella 4/6, Milano;Casa di Comunità;sociosanitario;"Punto di accesso e orientamento ai servizi sanitari e sociosanitari del territorio; porta d'ingresso per pazienti fragili e cronici";;;;;;;https://www.ats-milano.it/ats/carta-servizi/guida-servizi/assistenza-sociosanitaria/case-comunita/casa-comunita;—;—;icon-poliambulatorio.png
Casa di Comunità STROMBOLI;45,45864;9,15777;Via Stromboli 19, Milano;Casa di Comunità;sociosanitario;"Punto di accesso e orientamento ai servizi sanitari e sociosanitari del territorio; porta d'ingresso per pazienti fragili e cronici";;;;;;;https://www.ats-milano.it/ats/carta-servizi/guida-servizi/assistenza-sociosanitaria/case-comunita/casa-comunita;—;—;icon-poliambulatorio.png
Casa di Comunità VILLA MARELLI;45,4966601;9,1940387;viale Zara 81, Milano;Casa di Comunità;sociosanitario;"Punto di accesso e orientamento ai servizi sanitari e sociosanitari del territorio; porta d'ingresso per pazienti fragili e cronici";;;;;;;https://www.ats-milano.it/ats/carta-servizi/guida-servizi/assistenza-sociosanitaria/case-comunita/casa-comunita;—;—;icon-poliambulatorio.png
Arpamagica — Centro di Musicoterapia e Arpaterapia;45,4605605;9,1929078;Via Chiaravalle 11, 20122 Milano;Centro culturale/terapeutico;sociosanitario;;;Musicoterapia e arpaterapia: sedute individuali e di gruppo per stimolazione e benessere emotivo in persone con Alzheimer e demenze;;Arpaterapia come intervento non farmacologico per disturbi comportamentali e riduzione agitazione;;;https://www.arpamagica.it/corsi/arpaterapia/;—;—;icon-centro-culturale-terapeutico.png
CPAA Municipio 1 — Casa di Quartiere Garibaldi;45,4729317;9,1832752;Via Giorgio Strehler 2, 20121 Milano;CPAA — Centro psicologico territoriale;sociosanitario;;;;;Sportello territoriale di prossimità per la demenza;Supporto psicologico ai caregiver (ente gestore: Comune di Milano (psicologa Donatella Zenobio));;;—;—;icon-centro-psicologico.png
CPAA Municipio 2 — RSA Pindaro;45,5166867;9,2302805;Via Pindaro 44, 20128 Milano;CPAA — Centro psicologico territoriale;sociosanitario;;;;;Sportello territoriale di prossimità per la demenza;Supporto psicologico ai caregiver (ente gestore: Anteo S.C.S. (psicologa Stefania Testagrossa));;;—;—;icon-centro-psicologico.png
CPAA Municipio 3 — RSA Polo Geriatrico Riabilitativo;45,47607;9,2414379;Via S. Faustino 27, 20134 Milano;CPAA — Centro psicologico territoriale;sociosanitario;;;;;Sportello territoriale di prossimità per la demenza;Supporto psicologico ai caregiver (ente gestore: Comune di Milano (psicologa Donatella Zenobio));;;—;—;icon-centro-psicologico.png
CPAA Municipio 4 — RSA Virgilio Ferrari;45,4368787;9,2211218;Via dei Panigarola 14, 20139 Milano;CPAA — Centro psicologico territoriale;sociosanitario;;;;;Sportello territoriale di prossimità per la demenza;Supporto psicologico ai caregiver (ente gestore: Pro.Ges S.C.S. (psicologa Vanessa Sigalini));;;—;—;icon-centro-psicologico.png
CPAA Municipio 5 — Casa delle Associazioni e del Volontariato;45,4097663;9,1738235;Via M. Saponaro 20, 20142 Milano;CPAA — Centro psicologico territoriale;sociosanitario;;;;;Sportello territoriale di prossimità per la demenza;Supporto psicologico ai caregiver (ente gestore: A.M.A. Milano (psicologo Erminio Presotto));;;—;—;icon-centro-psicologico.png
CPAA Municipio 6 — Casa delle Associazioni e del Volontariato;45,4389071;9,1368385;Via Riccardo Balsamo Crivelli 5, 20142 Milano;CPAA — Centro psicologico territoriale;sociosanitario;;;;;Sportello territoriale di prossimità per la demenza;Supporto psicologico ai caregiver (ente gestore: Nuova Assistenza S.C.S. (psicologa Stefania Testagrossa));;;—;—;icon-centro-psicologico.png
CPAA Municipio 7 — Casa di Quartiere Baggio;45,4647247;9,0907998;Via Anselmo da Baggio 54, 20153 Milano;CPAA — Centro psicologico territoriale;sociosanitario;;;;;Sportello territoriale di prossimità per la demenza;Supporto psicologico ai caregiver (ente gestore: Comune di Milano (psicologa Stefania Gherner));;;—;—;icon-centro-psicologico.png
CPAA Municipio 8 — Sede Municipio 8;45,4962275;9,1149541;Via Giacomo Quarenghi 21, 20151 Milano;CPAA — Centro psicologico territoriale;sociosanitario;;;;;Sportello territoriale di prossimità per la demenza;Supporto psicologico ai caregiver (ente gestore: Comune di Milano (psicologa Stefania Gherner));;;—;—;icon-centro-psicologico.png
CPAA Municipio 9 — Servizio Sociale Territoriale;45,5055978;9,1788;Via Cesare Brivio 4, 20158 Milano;CPAA — Centro psicologico territoriale;sociosanitario;;;;;Sportello territoriale di prossimità per la demenza;Supporto psicologico ai caregiver (ente gestore: A.M.A. Milano (psicologo Erminio Presotto));;;—;—;icon-centro-psicologico.png
"Fondazione Guzzetti — Gruppo ""Dire & Fare"" (Consultorio Strozzi)";45,4585679;9,1438544;Via Strozzi 6/a, Milano;Consultorio / gruppo di mutuo aiuto;sociosanitario;;;;Gruppo mensile per caregiver: condivisione esperienze, confronto tra pari, rete di sostegno reciproco;"Tecniche di comunicazione con il malato; gestione dei disturbi del comportamento";;"Supporto psicologico e mutuo aiuto tra caregiver; riduzione isolamento; apprendimento tecniche di cura; gratuito";;Tel. 02 40702441 (tasto 1-3);ccfstrozzi@fondazioneguzzetti.it — fondazioneguzzetti.it;icon-consultorio.png
AMBROSIANA RSA SRL;45.506144;9.273375;VIA OLGETTINA 63;RSA - Residenza Sanitaria Assistenziale;sociosanitario;;;;;;;;;;;icon-rsa.png
CASA  DI RIPOSO PER MUSICISTI;45.47045;9.154758;PIAZZA BUONARROTI 29;RSA - Residenza Sanitaria Assistenziale;sociosanitario;;;;;;;;;;;icon-rsa.png
CASA FAMIGLIA;45.469033;9.203882;VIA VIVAIO 7;RSA - Residenza Sanitaria Assistenziale;sociosanitario;;;;;;;;;;;icon-rsa.png
CASA PER CONIUGI;45.435353;9.22064;VIA DEI CINQUECENTO 19;RSA - Residenza Sanitaria Assistenziale;sociosanitario;;;;;;;;;;;icon-rsa.png
CENTRO PADRE AMBROSOLI GIUSEPPE;45.52246;9.179529;LARGO MISSIONARI COMBONIANI 3;RSA - Residenza Sanitaria Assistenziale;sociosanitario;;;;;;;;;;;icon-rsa.png
FONDAZIONE SAN GIUSEPPE  MOSCATI ONLUS;45.455609;9.201541;VIA ORTI 27;RSA - Residenza Sanitaria Assistenziale;sociosanitario;;;;;;;;;;;icon-rsa.png
"ISTITUTO GERIATRICO MILANESE ""OPERA PASTOR ANGELICUS""";45.51552;9.127813;VIA ARSIA 7;RSA - Residenza Sanitaria Assistenziale;sociosanitario;;;;;;;;;;;icon-rsa.png
ISTITUTO GERIATRICO P. REDAELLI;45.45954;9.138465;VIA BARTOLOMEO D'ALVIANO 78;RSA - Residenza Sanitaria Assistenziale;sociosanitario;;;;;;;;;;;icon-rsa.png
L'ATTICO AZZURRO;45.476018;9.241215;VIA SAN FAUSTINO 27;RSA - Residenza Sanitaria Assistenziale;sociosanitario;;;;;;;;;;;icon-rsa.png
LE TERRAZZE FIORITE;45.476048;9.24128;VIA SAN FAUSTINO 27;RSA - Residenza Sanitaria Assistenziale;sociosanitario;;;;;;;;;;;icon-rsa.png
NUOVA  RSA CASA FAMIGLIA;45.469033;9.203753;VIA VIVAIO 7;RSA - Residenza Sanitaria Assistenziale;sociosanitario;;;;;;;;;;;icon-rsa.png
PARCO SEMPIONE;45.475585;9.169476;PIAZZA DEI VOLONTARI 3;RSA - Residenza Sanitaria Assistenziale;sociosanitario;;;;;;;;;;;icon-rsa.png
R.S.A.  PARCO DELLE CAVE;45.468394;9.093086;VIA CAPRI 21;RSA - Residenza Sanitaria Assistenziale;sociosanitario;;;;;;;;;;;icon-rsa.png
R.S.A. BAGGIO;45.468394;9.093086;VIA CAPRI 21;RSA - Residenza Sanitaria Assistenziale;sociosanitario;;;;;;;;;;;icon-rsa.png
R.S.A. IPPOCRATE 1;45.520983;9.165962;VIA IPPOCRATE 18;RSA - Residenza Sanitaria Assistenziale;sociosanitario;;;;;;;;;;;icon-rsa.png
R.S.A. IPPOCRATE 2;45.520983;9.165962;VIA IPPOCRATE 18;RSA - Residenza Sanitaria Assistenziale;sociosanitario;;;;;;;;;;;icon-rsa.png
R.S.A. MATER FIDELIS;45.515763;9.142778;VIA PASCARELLA 19;RSA - Residenza Sanitaria Assistenziale;sociosanitario;;;;;;;;;;;icon-rsa.png
R.S.A. MATER GRATIAE;45.441556;9.195151;VIA CORRADO II IL SALICO 50;RSA - Residenza Sanitaria Assistenziale;sociosanitario;;;;;;;;;;;icon-rsa.png
R.S.A. SANTA SARA;45.433681;9.175236;VIA BARRILI 6;RSA - Residenza Sanitaria Assistenziale;sociosanitario;;;;;;;;;;;icon-rsa.png
R.S.A. VIA BARONI;45.407015;9.170993;VIA C. BARONI 57/A;RSA - Residenza Sanitaria Assistenziale;sociosanitario;;;;;;;;;;;icon-rsa.png
R.S.A. VIA ORNATO;45.521107;9.191415;VIA LUIGI ORNATO 69;RSA - Residenza Sanitaria Assistenziale;sociosanitario;;;;;;;;;;;icon-rsa.png
R.S.A. VIA QUARENGHI;45.497081;9.116246;VIA QUARENGHI 26;RSA - Residenza Sanitaria Assistenziale;sociosanitario;;;;;;;;;;;icon-rsa.png
RESIDENZA ANZIANI ARZAGA;45.456625;9.139169;VIA ARZAGA 1;RSA - Residenza Sanitaria Assistenziale;sociosanitario;;;;;;;;;;;icon-rsa.png
RESIDENZA NAVIGLI;45.445441;9.174791;VIA DARWIN 17;RSA - Residenza Sanitaria Assistenziale;sociosanitario;;;;;;;;;;;icon-rsa.png
RESIDENZA SANITARIA ASSISTENZIALE PINDARO 44;45.516487;9.230252;VIA PINDARO 44;RSA - Residenza Sanitaria Assistenziale;sociosanitario;;;;;;;;;;;icon-rsa.png
RESIDENZA SANT'AMBROGIO;45.440551;9.160844;VIA LOPE DE VEGA 2;RSA - Residenza Sanitaria Assistenziale;sociosanitario;;;;;;;;;;;icon-rsa.png
RESIDENZE SACCARDO, EDIFICIO A;45.483301;9.244141;VIA MASSIMIANO 19;RSA - Residenza Sanitaria Assistenziale;sociosanitario;;;;;;;;;;;icon-rsa.png
RESIDENZE SACCARDO, EDIFICIO B;45.48317;9.244259;VIA SACCARDO 47;RSA - Residenza Sanitaria Assistenziale;sociosanitario;;;;;;;;;;;icon-rsa.png
"RSA  ""EMMAUS""";45.406508;9.172046;VIA BARONI 71/73;RSA - Residenza Sanitaria Assistenziale;sociosanitario;;;;;;;;;;;icon-rsa.png
RSA  MONS. BICCHIERAI 1;45.475202;9.14608;VIA MOSE BIANCHI 90;RSA - Residenza Sanitaria Assistenziale;sociosanitario;;;;;;;;;;;icon-rsa.png
RSA CASA DON GUANELLA;45.478402;9.172495;VIA CAGNOLA 11;RSA - Residenza Sanitaria Assistenziale;sociosanitario;;;;;;;;;;;icon-rsa.png
RSA CASA FAMIGLIA DI MILANO AFFORI;45.518807;9.169557;VIA FRANCO FACCIO 15;RSA - Residenza Sanitaria Assistenziale;sociosanitario;;;;;;;;;;;icon-rsa.png
RSA CASA FAMIGLIA PER ANZIANI DI MILANO;45.518985;9.169535;VIA FRANCO FACCIO 19;RSA - Residenza Sanitaria Assistenziale;sociosanitario;;;;;;;;;;;icon-rsa.png
RSA CASA SAN GIUSEPPE;45.495507;9.12717;VIA DELLE ANDE 11;RSA - Residenza Sanitaria Assistenziale;sociosanitario;;;;;;;;;;;icon-rsa.png
RSA CENTRO GIROLA;45.511428;9.192177;VIA CARLO GIROLA 30;RSA - Residenza Sanitaria Assistenziale;sociosanitario;;;;;;;;;;;icon-rsa.png
RSA DOMUS PATRIZIA SRL;45.453594;9.20805;VIA PIER LOMBARDO 20;RSA - Residenza Sanitaria Assistenziale;sociosanitario;;;;;;;;;;;icon-rsa.png
RSA DON LEONE PORTA;45.480971;9.206123;VIA BOSCOVICH 35;RSA - Residenza Sanitaria Assistenziale;sociosanitario;;;;;;;;;;;icon-rsa.png
RSA FAMAGOSTA;45.432648;9.158632;VIA A. DI RUDINÌ 3;RSA - Residenza Sanitaria Assistenziale;sociosanitario;;;;;;;;;;;icon-rsa.png
RSA GIUSEPPE GEROSA BRICHETTO;45.450475;9.251008;VIA MECENATE 96;RSA - Residenza Sanitaria Assistenziale;sociosanitario;;;;;;;;;;;icon-rsa.png
RSA IL NUOVO FOCOLARE DI S. MARIA DI LORETO;45.488116;9.228596;VIA G. B. MARTINI 29;RSA - Residenza Sanitaria Assistenziale;sociosanitario;;;;;;;;;;;icon-rsa.png
RSA ISTITUTO GERIATRICO MILANESE;45.473368;9.133301;VIA PIER A. PARAVIA 63;RSA - Residenza Sanitaria Assistenziale;sociosanitario;;;;;;;;;;;icon-rsa.png
RSA ISTITUTO PALAZZOLO;45.488452;9.143141;VIA PALAZZOLO D. LUIGI 21;RSA - Residenza Sanitaria Assistenziale;sociosanitario;;;;;;;;;;;icon-rsa.png
RSA LA PICCOLA CASA DEL RIFUGIO;45.438804;9.188427;VIA G. ANTONINI 3;RSA - Residenza Sanitaria Assistenziale;sociosanitario;;;;;;;;;;;icon-rsa.png
RSA LAMBRATE;45.48529;9.242363;VIA GIULIO DARDANONI, 7;RSA - Residenza Sanitaria Assistenziale;sociosanitario;;;;;;;;;;;icon-rsa.png
RSA MARIA AUSILIATRICE SRL;45.431659;9.243242;VIA ROGOREDO 31;RSA - Residenza Sanitaria Assistenziale;sociosanitario;;;;;;;;;;;icon-rsa.png
RSA MATER SAPIENTIAE;45.470634;9.14401;VIA VARAZZE 7;RSA - Residenza Sanitaria Assistenziale;sociosanitario;;;;;;;;;;;icon-rsa.png
RSA MONS. BICCHIERAI 2;45.475202;9.14608;VIA MOSE BIANCHI 90;RSA - Residenza Sanitaria Assistenziale;sociosanitario;;;;;;;;;;;icon-rsa.png
RSA PICCOLO COTTOLENGO DON ORIONE;45.45926;9.145179;VIALE CATERINA DA FORLÌ 19;RSA - Residenza Sanitaria Assistenziale;sociosanitario;;;;;;;;;;;icon-rsa.png
RSA PIO ALBERGO TRIVULZIO;45.465733;9.145213;VIA TRIVULZIO 15;RSA - Residenza Sanitaria Assistenziale;sociosanitario;;;;;;;;;;;icon-rsa.png
RSA PRINCIPESSA JOLANDA;45.466679;9.171899;VIA G. A. SASSI 4;RSA - Residenza Sanitaria Assistenziale;sociosanitario;;;;;;;;;;;icon-rsa.png
RSA SAN LUCA;45.454711;9.186768;VIA SAN LUCA 4;RSA - Residenza Sanitaria Assistenziale;sociosanitario;;;;;;;;;;;icon-rsa.png
RSA SANTA MARTA;45.441499;9.142291;VIA PARENZO 9;RSA - Residenza Sanitaria Assistenziale;sociosanitario;;;;;;;;;;;icon-rsa.png
SAN FAUSTINO;45.474087;9.241749;VIA SAN FAUSTINO 21;RSA - Residenza Sanitaria Assistenziale;sociosanitario;;;;;;;;;;;icon-rsa.png
SAN FRANCESCO D'ASSISI;45.504476;9.224582;PIAZZA PICCOLI MARTIRI 5;RSA - Residenza Sanitaria Assistenziale;sociosanitario;;;;;;;;;;;icon-rsa.png
SAN GIORGIO;45.484162;9.183636;VIA MAURIZIO QUADRIO 14/16;RSA - Residenza Sanitaria Assistenziale;sociosanitario;;;;;;;;;;;icon-rsa.png
SANTA CHIARA;45.478141;9.246168;VIA PITTERI 83;RSA - Residenza Sanitaria Assistenziale;sociosanitario;;;;;;;;;;;icon-rsa.png
SANTA GIULIA;45.477789;9.24664;VIA PITTERI 81;RSA - Residenza Sanitaria Assistenziale;sociosanitario;;;;;;;;;;;icon-rsa.png
SANTA LUCIA;45.457935;9.157385;VIA VEPRA 2;RSA - Residenza Sanitaria Assistenziale;sociosanitario;;;;;;;;;;;icon-rsa.png
VILLA ANTONIETTA;45.453831;9.128882;VIA DEI CICLAMINI 34;RSA - Residenza Sanitaria Assistenziale;sociosanitario;;;;;;;;;;;icon-rsa.png
VIRGILIO  FERRARI;45.43563;9.222029;VIA DEI PANIGAROLA 14;RSA - Residenza Sanitaria Assistenziale;sociosanitario;;;;;;;;;;;icon-rsa.png
"CDI ""FAGGIO ROSSO""";45.438729;9.188406;VIA G. ANTONINI 3;CDI - Centro Diurno Integrato;sociosanitario;;;;;;;;;;;icon-centro-diurno.png
CDI C/O ISTITUTO GERIATRICO P. REDAELLI;45.459417;9.138706;VIA BARTOLOMEO D'ALVIANO 78;CDI - Centro Diurno Integrato;sociosanitario;;;;;;;;;;;icon-centro-diurno.png
CDI C/O RSA GIUSEPPE GEROSA BRICHETTO;45.45055;9.250922;VIA MECENATE 96;CDI - Centro Diurno Integrato;sociosanitario;;;;;;;;;;;icon-centro-diurno.png
CDI C/O RSA VIRGILIO FERRARI;45.435555;9.222082;VIA PANIGAROLA 14;CDI - Centro Diurno Integrato;sociosanitario;;;;;;;;;;;icon-centro-diurno.png
CDI CASA FAMIGLIA DI MILANO AFFORI;45.518792;9.169515;VIA FRANCO FACCIO 15;CDI - Centro Diurno Integrato;sociosanitario;;;;;;;;;;;icon-centro-diurno.png
CDI CASA PER CONIUGI;45.435361;9.220726;VIA DEI CINQUECENTO 19;CDI - Centro Diurno Integrato;sociosanitario;;;;;;;;;;;icon-centro-diurno.png
CDI CENTRO GIROLA;45.511405;9.192263;VIA C. GIROLA 30;CDI - Centro Diurno Integrato;sociosanitario;;;;;;;;;;;icon-centro-diurno.png
CDI FAMAGOSTA;45.432625;9.158675;VIA DI RUDINÌ 3;CDI - Centro Diurno Integrato;sociosanitario;;;;;;;;;;;icon-centro-diurno.png
CDI G. PERUSINI;45.473405;9.133312;VIA PARAVIA 63;CDI - Centro Diurno Integrato;sociosanitario;;;;;;;;;;;icon-centro-diurno.png
CDI GIOLLI COMUNALE;45.527266;9.210442;VIA GIOLLI 29;CDI - Centro Diurno Integrato;sociosanitario;;;;;;;;;;;icon-centro-diurno.png
CDI GIUSEPPE MOSCATI;45.455684;9.201541;VIA ORTI 27;CDI - Centro Diurno Integrato;sociosanitario;;;;;;;;;;;icon-centro-diurno.png
CDI I DELFINI;45.472351;9.13619;VIA TRACIA 2;CDI - Centro Diurno Integrato;sociosanitario;;;;;;;;;;;icon-centro-diurno.png
CDI IL NUOVO FOCOLARE;45.488116;9.228767;VIA G.B. MARTINI 29;CDI - Centro Diurno Integrato;sociosanitario;;;;;;;;;;;icon-centro-diurno.png
CDI LEOPARDI;45.515702;9.142832;VIA CESARE PASCARELLA 19;CDI - Centro Diurno Integrato;sociosanitario;;;;;;;;;;;icon-centro-diurno.png
CDI MARINA VIDEMARI;45.454865;9.193264;VIA GAETANO PINI 4;CDI - Centro Diurno Integrato;sociosanitario;;;;;;;;;;;icon-centro-diurno.png
CDI MIRASOLE;45.406977;9.170951;VIA C. BARONI 57/A;CDI - Centro Diurno Integrato;sociosanitario;;;;;;;;;;;icon-centro-diurno.png
CDI SACCARDO;45.483165;9.244184;VIA MASSIMIANO 19;CDI - Centro Diurno Integrato;sociosanitario;;;;;;;;;;;icon-centro-diurno.png
CDI SANTA GIULIA;45.477819;9.24664;VIA PITTERI 81;CDI - Centro Diurno Integrato;sociosanitario;;;;;;;;;;;icon-centro-diurno.png
CDI SIMONE DE' BEAUVOIR;45.502724;9.14175;VIA BICETTI DE' BUTTINONI 15;CDI - Centro Diurno Integrato;sociosanitario;;;;;;;;;;;icon-centro-diurno.png
CENTRO DIURNO INTEGRATO PINDARO 44;45.51648;9.230295;VIA PINDARO 44;CDI - Centro Diurno Integrato;sociosanitario;;;;;;;;;;;icon-centro-diurno.png
ISTITUTO PALAZZOLO FONDAZIONE DON CARLO GNOCCHI ONLUS;45.488902;9.144174;VIA DON L. PALAZZOLO 21;CDI - Centro Diurno Integrato;sociosanitario;;;;;;;;;;;icon-centro-diurno.png
SAN GIORGIO;45.484214;9.183529;VIA M. QUADRIO 14/16;CDI - Centro Diurno Integrato;sociosanitario;;;;;;;;;;;icon-centro-diurno.png
VODIA CREMONCINI;45.407557;9.17382;VIA SAPONARO 32;CDI - Centro Diurno Integrato;sociosanitario;;;;;;;;;;;icon-centro-diurno.png
CONSULTORIO FAMILIARE PUBBLICO;45.525314;9.161179;PIAZZA DELL'OSPEDALE MAGGIORE 3;Consultorio familiare pubblico;sociosanitario;;;;;;;;;;;icon-consultorio.png
CONSULTORIO FAMILIARE PUBBLICO;45.458334;9.203237;VIA FRANCESCO SFORZA 28;Consultorio familiare pubblico;sociosanitario;;;;;;;;;;;icon-consultorio.png
CONSULTORIO FAMILIARE PUBBLICO;45.484226;9.153344;VIA GIOVANNI BATTISTA GRASSI 74;Consultorio familiare pubblico;sociosanitario;;;;;;;;;;;icon-consultorio.png
CONSULTORIO FAMILIARE PUBBLICO;45.45466;9.187123;VIA FRANCESCO SFORZA 28;Consultorio familiare pubblico;sociosanitario;;;;;;;;;;;icon-consultorio.png
CONSULTORIO FAMILIARE PUBBLICO;45.479347;9.23253;VIA GIOVANNI BATTISTA GRASSI 74;Consultorio familiare pubblico;sociosanitario;;;;;;;;;;;icon-consultorio.png
CONSULTORIO FAMILIARE PUBBLICO;45.426957;9.176667;VIA ANTONIO DI RUDINI' 8;Consultorio familiare pubblico;sociosanitario;;;;;;;;;;;icon-consultorio.png
CONSULTORIO FAMILIARE PUBBLICO;45.445257;9.126297;VIA ANTONIO DI RUDINI' 8;Consultorio familiare pubblico;sociosanitario;;;;;;;;;;;icon-consultorio.png
CONSULTORIO FAMILIARE PUBBLICO;45.503303;9.143658;PIAZZA DELL'OSPEDALE MAGGIORE 3;Consultorio familiare pubblico;sociosanitario;;;;;;;;;;;icon-consultorio.png
CONSULTORIO FAMILIARE PUBBLICO;45.475867;9.139929;VIA ANTONIO DI RUDINI' 8;Consultorio familiare pubblico;sociosanitario;;;;;;;;;;;icon-consultorio.png
CONSULTORIO FAMILIARE PUBBLICO;45.451685;9.251842;VIA GIOVANNI BATTISTA GRASSI 74;Consultorio familiare pubblico;sociosanitario;;;;;;;;;;;icon-consultorio.png
CONSULTORIO FAMILIARE PUBBLICO;45.440956;9.13603;VIA ANTONIO DI RUDINI' 8;Consultorio familiare pubblico;sociosanitario;;;;;;;;;;;icon-consultorio.png
CONSULTORIO FAMILIARE PUBBLICO;45.439881;9.217597;VIA GIOVANNI BATTISTA GRASSI 74;Consultorio familiare pubblico;sociosanitario;;;;;;;;;;;icon-consultorio.png
CONSULTORIO FAMILIARE PUBBLICO;45.50549;9.221059;VIA GIOVANNI BATTISTA GRASSI 74;Consultorio familiare pubblico;sociosanitario;;;;;;;;;;;icon-consultorio.png
CONSULTORIO FAMILIARE PUBBLICO;45.484791;9.21929;VIA GIOVANNI BATTISTA GRASSI 74;Consultorio familiare pubblico;sociosanitario;;;;;;;;;;;icon-consultorio.png
CONSULTORIO FAMILIARE PUBBLICO;45.511673;9.13145;VIA GIOVANNI BATTISTA GRASSI 74;Consultorio familiare pubblico;sociosanitario;;;;;;;;;;;icon-consultorio.png
CONSULTORIO FAMILIARE PUBBLICO;45.46293;9.090914;VIA ANTONIO DI RUDINI' 8;Consultorio familiare pubblico;sociosanitario;;;;;;;;;;;icon-consultorio.png
CONSULTORIO FAMILIARE PUBBLICO;45.510829;9.193227;PIAZZA DELL'OSPEDALE MAGGIORE 3;Consultorio familiare pubblico;sociosanitario;;;;;;;;;;;icon-consultorio.png
CONSULTORIO FAMILIARE PUBBLICO;45.48601;9.194097;PIAZZA DELL'OSPEDALE MAGGIORE 3;Consultorio familiare pubblico;sociosanitario;;;;;;;;;;;icon-consultorio.png
ASS.NE ITALIANA EDUCAZIONE DEMOGRAFICA - A.I.E.D.;45.473557;9.213394;VIALE REGINA GIOVANNA  36;Consultorio familiare privato;sociosanitario;;;;;;;;;;;icon-consultorio.png
BEATA GIANNA BERETTA MOLLA - ONLUS;45.427029;9.172926;VIA BOIFAVA  15/A;Consultorio familiare privato;sociosanitario;;;;;;;;;;;icon-consultorio.png
CED CENTRO EDUCAZIONE DEMOGRAFICA;45.459284;9.186975;VIA AMEDEI  13;Consultorio familiare privato;sociosanitario;;;;;;;;;;;icon-consultorio.png
CEMP CENTRO EDUCAZIONE MATRIMONIALE E PREMATRIMONIALE;45.462829;9.202731;VIA EUGENIO CHIESA  1;Consultorio familiare privato;sociosanitario;;;;;;;;;;;icon-consultorio.png
CENTRO CONSULENZA FAMIGLIA - ONLUS;45.459996;9.143336;VIA STROZZI  6/A;Consultorio familiare privato;sociosanitario;;;;;;;;;;;icon-consultorio.png
CENTRO DI ASSISTENZA LA FAMIGLIA AMBROSIANA - ONLUS;45.461893;9.193496;VIA SANT'ANTONIO  5;Consultorio familiare privato;sociosanitario;;;;;;;;;;;icon-consultorio.png
CENTRO PROGETTI DONNA - JEANNE DEROIN;45.46006;9.198654;VIA DELLA GUASTALLA  8;Consultorio familiare privato;sociosanitario;;;;;;;;;;;icon-consultorio.png
CONSORZIO SIR;45.438271;9.187678;VIA BAZZI  68;Consultorio familiare privato;sociosanitario;;;;;;;;;;;icon-consultorio.png
CONSULTORIO FAMILIARE GEPO;45.467089;9.181586;VIA SAN GIOVANNI SUL MURO  5;Consultorio familiare privato;sociosanitario;;;;;;;;;;;icon-consultorio.png
CONSULTORIO FAMILIARE KOLBE - ONLUS;45.462073;9.23251;VIALE CORSICA  68;Consultorio familiare privato;sociosanitario;;;;;;;;;;;icon-consultorio.png
CONSULTORIO FAMILIARE LUISA RIVA;45.442362;9.176205;VIA ASCANIO SFORZA  75;Consultorio familiare privato;sociosanitario;;;;;;;;;;;icon-consultorio.png
CONSULTORIO FAMILIARE MANCINELLI;45.488899;9.227882;VIA MANCINELLI  1;Consultorio familiare privato;sociosanitario;;;;;;;;;;;icon-consultorio.png
CONSULTORIO FAMILIARE SAN CRISTOFORO;45.448482;9.154918;VIA S. CRISTOFORO  3/5;Consultorio familiare privato;sociosanitario;;;;;;;;;;;icon-consultorio.png
CONSULTORIO INTERDECANALE DI VIALE RESTELLI;45.489997;9.196867;VIALE RESTELLI  25;Consultorio familiare privato;sociosanitario;;;;;;;;;;;icon-consultorio.png
CONSULTORIO INTERDECANALE IL CAMINETTO - ONLUS;45.527276;9.173891;PIAZZA BRUZZANO  8;Consultorio familiare privato;sociosanitario;;;;;;;;;;;icon-consultorio.png
CONSULTORIO LA FAMIGLIA - ONLUS;45.491403;9.188912;VIA ARESE  18;Consultorio familiare privato;sociosanitario;;;;;;;;;;;icon-consultorio.png
CONSULTORIO PREMATRIMONIALE E MATRIMONIALE ISTITUTO LA CASA;45.449729;9.209537;VIA PIETRO COLLETTA  31;Consultorio familiare privato;sociosanitario;;;;;;;;;;;icon-consultorio.png
CONSULTORIO PRIVATO GLI AQUILONI;45.440283;9.224021;CORSO LODI  127;Consultorio familiare privato;sociosanitario;;;;;;;;;;;icon-consultorio.png
GENITORI OGGI;45.455636;9.199413;VIA DELLA COMMENDA  37;Consultorio familiare privato;sociosanitario;;;;;;;;;;;icon-consultorio.png
LUISA RIVA;45.442362;9.176205;VIA ASCANIO SFORZA  75;Consultorio familiare privato;sociosanitario;;;;;;;;;;;icon-consultorio.png
VILLAGGIO DELLA MADRE E DEL FANCIULLO - ONLUS;45.48638;9.131265;VIA GOYA  60;Consultorio familiare privato;sociosanitario;;;;;;;;;;;icon-consultorio.png
Servizio pubblico di trasporti Croce Rossa Italiana Milano;;;X;Servizio pubblico;sociosanitario;;Trasporto pazienti con e senza difficoltà di deambulazione (CRI, tariffe sul sito);;;;;;https://crimilano.it;Tel. 023883;prenotazioni@crimilano.it — crimilano.it;icon-servizio.png
Easy Trasporti — Ambulanza Privata Milano;;;X;Servizio privato;sociosanitario;;Trasporto pazienti con e senza difficoltà di deambulazione, anche carrozzina;;;;;;;Tel. 0236559466;easytrasporti.it;icon-servizio.png
Accademia Scherma Milano;45,4864645;9,1938834;Via Filippo Sassetti 15, Milano;Associazione sportiva dilettantistica;sociale;;;Corso di ginnastica dolce per persone con demenza e caregiver (2 volte/settimana, ott–giu): stimolazione motoria adattata, equilibrio, mobilità articolare;"Spazio di socializzazione in ambiente non stigmatizzante per persona con demenza e familiare; favorisce inclusione nella comunità";;;Spazio di condivisione tra caregiver durante le sessioni;;Tel. 02 809767 (Alzheimer Milano ODV);alzheimer_milano@alzheimer.it — accademiaschermamilano.it;icon-associazione.png
Biblioteca Comunale Gallaratese;45,4962275;9,1149541;Via Giacomo Quarenghi 21, 20151 Milano;Biblioteca comunale;sociale;;;Spazio Alzheimer: gruppo Validation, arteterapia, raccolta libri demenza;"Spazio Alzheimer; incontri per caregiver; letture condivise";;;;;Tel. 02 88464270;milano.biblioteche.it/library/gallaratese/;icon-biblioteca.png
Biblioteca Comunale Harar;45,47389;9,11955;Via Albenga 2, Milano;Biblioteca comunale;sociale;;;Incontri per caregiver demenza/Alzheimer;Incontri per familiari di persone con demenza o Alzheimer;;;;;Tel. 02 88465810;milano.biblioteche.it/library/harar/;icon-biblioteca.png
Biblioteca Comunale Affori;45,5166084;9,1673769;Viale Affori 21, Milano;Biblioteca comunale;sociale;;;Sportello Alzheimer segnalato;"Sportello Alzheimer di quartiere; attività per anziani";;;;;Tel. 02 88462522;milano.biblioteche.it/library/affori/;icon-biblioteca.png
Biblioteca Comunale Accursio;45,4913863;9,1461543;Piazzale Francesco Accursio 5, Milano;Biblioteca comunale;sociale;;;Gruppo di lettura;Attività culturali e gruppo di lettura;;;;;Tel. 02 88464300;milano.biblioteche.it/library/accursio/;icon-biblioteca.png
Biblioteca Comunale Baggio;45,4633673;9,0903283;Via Pistoia 10, Milano;Biblioteca comunale;sociale;;;Gruppo di lettura / Reader's corner;"Attività culturali; Reader's corner";;;;;Tel. 02 88465804;milano.biblioteche.it/library/baggio/;icon-biblioteca.png
Biblioteca Comunale Calvairate;45,4555526;9,2208063;Via Laura Ciceri Visconti 1, Milano;Biblioteca comunale;sociale;;;Gruppo di lettura / Reader's corner;"Attività culturali; Reader's corner — verificare apertura";;;;;Tel. 02 88465801;milano.biblioteche.it/library/calvairate/;icon-biblioteca.png
Biblioteca Comunale Cassina Anna;45,5249398;9,177193;Via Sant'Arnaldo 17, Milano;Biblioteca comunale;sociale;;;Gruppo di lettura;Attività culturali e gruppo di lettura;;;;;Tel. 02 88465800;milano.biblioteche.it/library/cassinaanna/;icon-biblioteca.png
Biblioteca Comunale Chiesa Rossa;45,4304092;9,1738751;Via San Domenico Savio 3, Milano;Biblioteca comunale;sociale;;;Gruppo di lettura;Attività culturali e gruppo di lettura;;;;;Tel. 02 88465991;milano.biblioteche.it/library/chiesarossa/;icon-biblioteca.png
Biblioteca Comunale Crescenzago;45,5002499;9,2393183;Via Don Luigi Orione 19, Milano;Biblioteca comunale;sociale;;;Gruppo di lettura;Attività culturali e gruppo di lettura;;;;;Tel. 02 88465808;milano.biblioteche.it/library/crescenzago/;icon-biblioteca.png
Biblioteca Comunale Dergano-Bovisa;45,5037729;9,1685324;Via Filippo Baldinucci 76, Milano;Biblioteca comunale;sociale;;;Gruppo di lettura;Attività culturali e gruppo di lettura;;;;;Tel. 02 88465807;milano.biblioteche.it/library/dergano/;icon-biblioteca.png
Biblioteca Comunale Fra Cristoforo;45,4361949;9,1717739;Via Fra Cristoforo 6, Milano;Biblioteca comunale;sociale;;;Gruppo di lettura;Attività culturali e gruppo di lettura;;;;;Tel. 02 88465806;milano.biblioteche.it/library/fracristoforo/;icon-biblioteca.png
Biblioteca Comunale Lambrate;45,4889184;9,2204733;Via Padova 36, Milano;Biblioteca comunale;sociale;;;Gruppo di lettura;Attività culturali e gruppo di lettura;;;;;Tel. 02 88465809;milano.biblioteche.it/library/lambrate/;icon-biblioteca.png
Biblioteca Comunale Lorenteggio;45,4475452;9,1344417;Via Emanuele Odazio 9, Milano;Biblioteca comunale;sociale;;;Gruppo di lettura;Attività culturali e gruppo di lettura;;;;;Tel. 02 88465811;milano.biblioteche.it/library/lorenteggio/;icon-biblioteca.png
Biblioteca Comunale Niguarda;45,5152399;9,1930974;Via Gian Battista Passerini 5, Milano;Biblioteca comunale;sociale;;;Gruppo di lettura (3 gruppi attivi);"Tre gruppi di lettura mensili; alta frequentazione anziani";;;;;Tel. 02 88462542;milano.biblioteche.it/library/niguarda/;icon-biblioteca.png
Biblioteca Comunale Oglio;45,4404402;9,2178421;Via Oglio 18, Milano;Biblioteca comunale;sociale;;;Gruppo di lettura;Attività culturali e gruppo di lettura;;;;;Tel. 02 88462971;milano.biblioteche.it/library/oglio/;icon-biblioteca.png
Biblioteca Comunale Parco Sempione;45,47452;9,1740572;Viale Cervantes, Milano;Biblioteca comunale;sociale;;;Gruppo di lettura (2 gruppi: mer e gio);Due gruppi di lettura settimanali in contesto parco;;;;;Tel. 02 88465812;milano.biblioteche.it/library/parco/;icon-biblioteca.png
Biblioteca Comunale Quarto Oggiaro;45,5197708;9,1293695;Via Otranto, Milano;Biblioteca comunale;sociale;;;Gruppo di lettura 'Non ci resta che leggere';Gruppo di lettura mensile;;;;;Tel. 02 88465813;milano.biblioteche.it/library/quartooggiaro/;icon-biblioteca.png
Biblioteca Comunale Sant'Ambrogio;45,4313301;9,1632756;Via San Paolino 18, Milano;Biblioteca comunale;sociale;;;Gruppo di lettura;Attività culturali e gruppo di lettura;;;;;Tel. 02 88465814;milano.biblioteche.it/library/santambrogio/;icon-biblioteca.png
Biblioteca Comunale Sicilia;45,465763;9,1514639;Via Luigi Sacco 14, Milano;Biblioteca comunale;sociale;;;Gruppo di lettura;Attività culturali e gruppo di lettura;;;;;Tel. 02 88465863;milano.biblioteche.it/library/sicilia/;icon-biblioteca.png
Biblioteca Comunale Centrale Sormani;45,4621276;9,1981128;Corso di Porta Vittoria 6, Milano;Biblioteca comunale;sociale;;;"Gruppi di lettura multipli; audiolibri per anziani";"Audiolibri per anziani/ipovedenti; gruppi di lettura";;;;;Tel. 800 880066;milano.biblioteche.it/library/sormani/;icon-biblioteca.png
Biblioteca Comunale Tibaldi;45,444923;9,1830534;Viale Tibaldi 41, Milano;Biblioteca comunale;sociale;;;Gruppo di lettura 'Ti-Baldi lettori';Gruppo di lettura mensile;;;;;Tel. 02 88462920;milano.biblioteche.it/library/tibaldi/;icon-biblioteca.png
Biblioteca Comunale Venezia;45,4748492;9,2092316;Via Paolo Frisi 5, Milano;Biblioteca comunale;sociale;;;5 gruppi di lettura attivi;"Cinque gruppi di lettura; alta frequentazione";;;;;Tel. 02 88465799;milano.biblioteche.it/library/venezia/;icon-biblioteca.png
Biblioteca Comunale Vigentina;45,4542533;9,1960954;Corso di Porta Vigentina 15, Milano;Biblioteca comunale;sociale;;;Gruppo di lettura;Attività culturali e gruppo di lettura;;;;;Tel. 02 88465798;milano.biblioteche.it/library/vigentina/;icon-biblioteca.png
Biblioteca Comunale Villapizzone;45,49915;9,14757;Via Rosina Ferrario Grugnola 3, Milano;Biblioteca comunale;sociale;;;Gruppo di lettura;Attività culturali e gruppo di lettura;;;;;Tel. 02 88465815;milano.biblioteche.it/library/villapizzone/;icon-biblioteca.png
Biblioteca Comunale Zara;45,4972154;9,1960641;Viale Zara 100, Milano;Biblioteca comunale;sociale;;;Gruppo di lettura;Attività culturali e gruppo di lettura;;;;;Tel. 02 88462823;milano.biblioteche.it/library/zara/;icon-biblioteca.png
Caritas Ambrosiana — Rete Centri di Ascolto;45,4623332;9,1966489;Via San Bernardino 4, Milano;Rete Caritas / terzo settore ecclesiale;sociale;;Accompagnamento anziani a visite, disbrigo pratiche, supporto pratico informale tramite volontari;;"Ascolto e orientamento di prossimità; reti di vicinato attivate dai centri parrocchiali";;"Orientamento ai servizi sociali e sanitari del territorio; supporto a pratiche burocratiche di base";Ascolto e supporto informale ai caregiver tramite volontari formati;;Tel. 02 760371;caritas@caritasambrosiana.it — caritasambrosiana.it/centri-dascolto;icon-centro-di-ascolto.png
Alzheimer Café presso Associazione Smemorati di via Padova ODV;45,4889184;9,2204733;Via Padova 36, 20131 Milano;Alzheimer Café;sociale;;;"Caffè Alzheimer ogni martedì (Spazio Mosso); attività di comunità nel quartiere";"Caffè Alzheimer ogni martedì (Spazio Mosso); attività di comunità nel quartiere";Indicazioni per gestione disturbi comportamentali nel colloquio allo sportello;;;https://www.mitomorrow.it/salute/sportello-alzheimer-annichiarico/ | https://www2.comune.milano.it/web/municipio-2/-/sportello-alzheimer-2025;—;—;icon-alzheimer-cafe.png
Alzheimer Café presso Fondazione Manuli — RSA Saccardo;45,4811669;9,2400497;Via Pietro Andrea Saccardo 47, 20134 Milano;Alzheimer Café;sociale;;;;"Spazio di incontro conviviale per persone con demenza e caregiver; momenti di socializzazione e condivisione";;;;https://www.comune.milano.it/servizi/welfare/servizi-per-alzheimer-interventi-psicosociali;—;—;icon-alzheimer-cafe.png
Alzheimer Café presso A.M.A. Milano — RSA Saccardo;45,4811669;9,2400497;Via Pietro Andrea Saccardo 47, 20134 Milano;Alzheimer Café;sociale;;;;Spazio di incontro conviviale per persone con demenza e caregiver;;;;https://www.comune.milano.it/servizi/welfare/servizi-per-alzheimer-interventi-psicosociali;—;—;icon-alzheimer-cafe.png
Alzheimer Café presso Centro Ricordi;45,48047;9,20672;Via Ruggero Boscovich 42, Milano;Alzheimer Café;sociale;;;"Attività di socializzazione e aggregazione per anziani; Alzheimer Café 2 volte/mese";"Attività di socializzazione e aggregazione per anziani; Alzheimer Café 2 volte/mese";Alzheimer Café: stimolazione cognitiva, arteterapia, musicoterapia;;Alzheimer Café: spazio d'ascolto per caregiver (2 volte/mese);https://piccoloprincipeonlus.org/alzheimer-cafe/;Tel. 0220245017;—;icon-alzheimer-cafe.png
Alzheimer Café presso Le Compagnie Malviste APS;45,47103;9,10929;Via Fratelli Zoia 89, Milano;Alzheimer Café;sociale;;;"Alzheimer Café teatrale ad accesso libero; performance in spazi urbani aperte alla comunità";"Alzheimer Café teatrale ad accesso libero; performance in spazi urbani aperte alla comunità";;;;https://www.lecompagniemalviste.org/teatro-fragile/ | https://alconfine.net/alzheimer-cafe/alzheimer-cafe-zona-9/;Tel. 3518009578;segreteria@lecompagniemalviste.org;icon-alzheimer-cafe.png
Alzheimer Café presso RSA Saccardo;45,4476;9,19542;Via Pietro Andrea Saccardo, 47, 20134 Milano MI;Alzheimer Café;sociale;;;"Alzheimer Café (c/o RSA Saccardo); spazio ludico/ricreativo per pazienti e famiglie";"Alzheimer Café (c/o RSA Saccardo); spazio ludico/ricreativo per pazienti e famiglie";;;;https://www.amamilano.org/progetti.html | https://amamilano.info/;—;—;icon-alzheimer-cafe.png
Alzheimer Café presso Cooperativa 'Il Piccolo Principe’;45,4407127;9,1744801;Via Rimini, Milano;Alzheimer Café;Sociale;;;Alzheimer Café: attività di musicoterapia, canto, suono in gruppo (4 zone di Milano);Alzheimer Café: spazio di incontro e socializzazione per persone con demenza e familiari;;;"Alzheimer Café: spazio di confronto tra caregiver; progetto Cure Plurime con gruppi dedicati ai familiari";https://piccoloprincipeonlus.org/alzheimer-cafe/ | https://piccoloprincipeonlus.org/assistenza/;Tel. 0284893234 — 0258111712;info@piccoloprincipe.org — info@concura.eu;icon-alzheimer-cafe.png
Alzheimer Café Fondazione Manuli — Istituto dei Ciechi;45,469085;9,202536;Via Mozart 16, 20122 Milano;Alzheimer Café;sociale;;;Attività stimolanti in piccolo gruppo (arteterapia, musicoterapia) — gestione Fondazione Manuli Onlus;Spazio di incontro conviviale per persone con demenza e caregiver;Interventi psicosociali per stimolazione delle competenze cognitive residue;;Spazio di informazione e confronto per familiari e caregiver;https://www.comune.milano.it/servizi/welfare/servizi-per-alzheimer-interventi-psicosociali;—;—;icon-alzheimer-cafe.png
Alzheimer Café Al Confine — Circolo Arci Métissage;45,4854624;9,1888795;Via Borsieri 2, 20149 Milano;Alzheimer Café;sociale;;;Alzheimer Café (gestito da Al Confine Onlus): arteterapia, gruppo validation;Alzheimer Café (gestito da Al Confine Onlus): arteterapia, gruppo validation;Incontri per anziano e caregiver;;;;—;—;icon-alzheimer-cafe.png
Alzheimer Café Al Confine — CSRC La Porta del Cuore;45,5045871;9,1014092;Via Appennini 147/A, 20151 Milano;Alzheimer Café;sociale;;;Alzheimer Café (gestito da Al Confine Onlus);Alzheimer Café (gestito da Al Confine Onlus);Incontri per anziano e caregiver;;;;—;—;icon-alzheimer-cafe.png
Alzheimer Café Piccolo Principe / Smemorati — Spazio Mosso;45,4940174;9,2262206;Via Angelo Mosso 3, 20127 Milano;Alzheimer Café;sociale;;;Alzheimer Café (Piccolo Principe Onlus con Smemorati di via Padova ODV);Alzheimer Café (Piccolo Principe Onlus con Smemorati di via Padova ODV);Incontri in spazio multifunzionale di quartiere;;;;—;—;icon-alzheimer-cafe.png
Associazione ANTEAS;;;X;Associazione / terzo settore;sociale;;Trasporto pazienti con e senza difficoltà di deambulazione (zone 4 e 8);;;;;;https://www.ats-milano.it/gruppi-cammino;Tel. 3513002944 (z.4) — 3519161669 (z.8);—;icon-associazione.png
Federazione Alzheimer Italia / Alzheimer Milano ODV;45,4684111;9,1636982;Via Alberto da Giussano 7, 20145 Milano;Associazione;sociale;"Pronto Alzheimer 02 809767: ascolto, orientamento, consulenze socio-assistenziali, legali e previdenziali; consulenza terapia occupazionale per gestione quotidiana";;"Scherma adattata (2 volte/settimana c/o Accademia Scherma Milano); attività fisica per persone con demenza";Gruppo di incontro settimanale per persone con demenza e caregiver (modello Alzheimer Europe);;Consulenza legale gratuita (amministratore di sostegno, invalidità) e previdenziale;"Gruppo Caregiver settimanale condotto da psicologa; colloqui psicologici gratuiti su appuntamento; webinar formativi per caregiver";https://www.alzheimer.it/pronto-alzheimer-e-consulenze/ | https://www.alzheimer.mi.it/i-progetti/ | https://www.alzheimer.mi.it/per-chi-assiste/;Pronto Alzheimer 02 809767;alzheimer.it | alzheimer.mi.it;icon-associazione.png
AIMA — Associazione Italiana Malattia di Alzheimer;45,4708;9,14326;Via Varazze 6, 20149 Milano;Associazione;sociale;Ascolto e orientamento sulla malattia e le risorse disponibili;;;;;Supporto ai caregiver;Supporto ai caregiver;https://www.amamilano.org/lalzheimer/informazioni.html;—;—;icon-associazione.png
A.M.A. Milano — Associazione Malattia di Alzheimer;45,4476;9,19542;Via Francesco Soave 24, 20135 Milano;Associazione;sociale;"Orientamento e informazione sulla malattia e la rete di servizi; gestione CPAA Municipio 5 e 9";;"Yoga dolce per persone con decadimento lieve e caregiver; attività ludico-ricreative";"Alzheimer Café (c/o RSA Saccardo); spazio ludico/ricreativo per pazienti e famiglie";Stimolazione cognitiva con psicologa esperta in neuroriabilitazione;Orientamento per Amministrazione di Sostegno (con Associazione In Cerchio);"Supporto psicologico ai caregiver; CPAA Municipio 5 e 9 (psicoeducazione, supporto psicologico, orientamento ai servizi)";https://www.amamilano.org/progetti.html | https://amamilano.info/;—;—;icon-associazione.png
Associazione Gruppo Anchise;45,4835274;9,1569616;Via Giovanni da Procida 37, 20149 Milano;Associazione;sociale;;;;Seminari e incontri aperti su Approccio Capacitante: valorizzazione capacità residue nella relazione quotidiana;"Formazione e gruppi sulla comunicazione con la persona con demenza (Approccio Capacitante); tecniche per gestione dei disturbi";;Formazione per familiari e caregiver: strategie comunicative e relazionali con la persona con demenza;https://www.formalzheimer.it/gruppo-anchise/ | https://www.formalzheimer.it/operatore-capacitante/;—;—;icon-associazione.png
Associazione Smemorati di via Padova ODV — Sportello Alzheimer;45,4889184;9,2204733;Via Padova 36, 20131 Milano;Associazione;sociale;Sportello Alzheimer di ascolto e orientamento di prossimità (Municipio 2, via Padova 36);;Ortoterapia, ginnastica dolce, musicoterapia (attività storiche del gruppo);"Caffè Alzheimer ogni martedì (Spazio Mosso); attività di comunità nel quartiere";Indicazioni per gestione disturbi comportamentali nel colloquio allo sportello;;;https://www.mitomorrow.it/salute/sportello-alzheimer-annichiarico/ | https://www2.comune.milano.it/web/municipio-2/-/sportello-alzheimer-2025;—;—;icon-associazione.png
Servizi Sociali Professionali Territoriali (SSPT);45.465845;9.190617;via Ugo Foscolo, 5;Servizi Sociali Professionali Territoriali (SSPT);sociale;"Accesso e orientamento ai servizi sociali territoriali; presa in carico del caso";;;;;"Attivazione sussidi e prestazioni (indennità di accompagnamento, contributo B2, SAD, CDI); coordinamento con enti erogatori";Servizio sociale professionale: presa in carico, accesso a sussidi e prestazioni;https://www.comune.milano.it/servizi/welfare/assistenza-domiciliare;Tel. 02.02.02 (tasti 4-1-2);—;icon-sportello-locale.png
Servizi Sociali Professionali Territoriali (SSPT);45.489628;9.195684;via degli Assereto, 19;Servizi Sociali Professionali Territoriali (SSPT);sociale;;;;;;;;;;;icon-sportello-locale.png
Servizi Sociali Professionali Territoriali (SSPT);45.505431;9.222102;via Sant’Erlembaldo, 4;Servizi Sociali Professionali Territoriali (SSPT);sociale;;;;;;;;;;;icon-sportello-locale.png
Servizi Sociali Professionali Territoriali (SSPT);45.484588;9.239576;via Tommaso Pini, 1;Servizi Sociali Professionali Territoriali (SSPT);sociale;;;;;;;;;;;icon-sportello-locale.png
Servizi Sociali Professionali Territoriali (SSPT);45.482712;9.215102;via Claudio Monteverdi, 8;Servizi Sociali Professionali Territoriali (SSPT);sociale;;;;;;;;;;;icon-sportello-locale.png
Servizi Sociali Professionali Territoriali (SSPT);45.459814;9.212632;via Augusto Anfossi, 25;Servizi Sociali Professionali Territoriali (SSPT);sociale;;;;;;;;;;;icon-sportello-locale.png
Servizi Sociali Professionali Territoriali (SSPT);45.43383;9.222057;via Nicolò Barabino, 8;Servizi Sociali Professionali Territoriali (SSPT);sociale;;;;;;;;;;;icon-sportello-locale.png
Servizi Sociali Professionali Territoriali (SSPT);45.445385;9.183296;viale Tibaldi, 41;Servizi Sociali Professionali Territoriali (SSPT);sociale;;;;;;;;;;;icon-sportello-locale.png
Servizi Sociali Professionali Territoriali (SSPT);45.43264;9.158664;via Antonio Di Rudinì, 3;Servizi Sociali Professionali Territoriali (SSPT);sociale;;;;;;;;;;;icon-sportello-locale.png
Servizi Sociali Professionali Territoriali (SSPT);45.444035;9.124114;via Francesco Gonin, 28;Servizi Sociali Professionali Territoriali (SSPT);sociale;;;;;;;;;;;icon-sportello-locale.png
Servizi Sociali Professionali Territoriali (SSPT);45.459929;9.127827;viale Legioni Romane, 54;Servizi Sociali Professionali Territoriali (SSPT);sociale;;;;;;;;;;;icon-sportello-locale.png
Servizi Sociali Professionali Territoriali (SSPT);45.464479;9.08872;Via Anselmo da Baggio, 54;Servizi Sociali Professionali Territoriali (SSPT);sociale;;;;;;;;;;;icon-sportello-locale.png
Servizi Sociali Professionali Territoriali (SSPT);45.4758;9.136834;P.le Segesta, 11;Servizi Sociali Professionali Territoriali (SSPT);sociale;;;;;;;;;;;icon-sportello-locale.png
Servizi Sociali Professionali Territoriali (SSPT);45.51197;9.131685;Via Aldini, 72;Servizi Sociali Professionali Territoriali (SSPT);sociale;;;;;;;;;;;icon-sportello-locale.png
Servizi Sociali Professionali Territoriali (SSPT);45.491599;9.146035;P.le Accursio, 5;Servizi Sociali Professionali Territoriali (SSPT);sociale;;;;;;;;;;;icon-sportello-locale.png
Servizi Sociali Professionali Territoriali (SSPT);45.503163;9.107102;Via Consolini, 24;Servizi Sociali Professionali Territoriali (SSPT);sociale;;;;;;;;;;;icon-sportello-locale.png
Servizi Sociali Professionali Territoriali (SSPT);45.504159;9.177131;Via Brivio, 4;Servizi Sociali Professionali Territoriali (SSPT);sociale;;;;;;;;;;;icon-sportello-locale.png
Servizi Sociali Professionali Territoriali (SSPT);45.527251;9.210442;Via  Giolli, 29;Servizi Sociali Professionali Territoriali (SSPT);sociale;;;;;;;;;;;icon-sportello-locale.png
Servizi Sociali Professionali Territoriali (SSPT);45.525075;9.177243;Via S. Arnaldo, 17;Servizi Sociali Professionali Territoriali (SSPT);sociale;;;;;;;;;;;icon-sportello-locale.png
Rete Alzheimer — Comune di Milano;;;X;Servizio comunale / rete;sociale;Ascolto telefonico e orientamento sulla rete di servizi per Alzheimer a Milano (800 684839, lun-ven 9.30-13.30);;;Punto di contatto verso le iniziative territoriali e gli eventi della Rete Alzheimer cittadina;;;;https://www.comune.milano.it/aree-tematiche/servizi-sociali/rete-alzheimer;Tel. 800684839;—;icon-sportello-locale.png
CAAF CGIL / Patronato INCA — Porta Vittoria (sede centrale);45,4625234;9,2038418;Corso di Porta Vittoria 43, Milano;Patronato / CAF;sociale;;;;;;Domanda invalidità civile, indennità di accompagnamento, riconoscimento L.104, ISEE, pratiche badanti, amministratore di sostegno (sportello gratuito);;https://www.cgil.milano.it/servizi/inca-patronato/ | https://www.servizi.cgil.milano.it/salute/;Tel. 02 301919;caafmilano@cgil.lombardia.it — cgil.milano.it;icon-sportello-locale.png
CAAF CGIL / Patronato INCA — Piazza Prealpi;45,49485;9,15274;Piazza Prealpi 4, Milano;Patronato / CAF;sociale;;;;;;Domanda invalidità civile, indennità di accompagnamento, riconoscimento L.104, ISEE;;https://www.cgil.milano.it/servizi/inca-patronato/;Tel. 02 301919;cgil.milano.it;icon-sportello-locale.png
CAAF CGIL / Patronato INCA — Piazzale Segesta;45,4753553;9,138413;Piazzale Segesta 4, Milano;Patronato / CAF;sociale;;;;;;Domanda invalidità civile, indennità di accompagnamento, riconoscimento L.104, ISEE;;https://www.cgil.milano.it/servizi/inca-patronato/;Tel. 02 301919;cgil.milano.it;icon-sportello-locale.png
CAAF CGIL / Patronato INCA — Via Costantino Baroni;45,412043;9,1737911;Via Costantino Baroni 5, Milano;Patronato / CAF;sociale;;;;;;Domanda invalidità civile, indennità di accompagnamento, riconoscimento L.104, ISEE;;https://www.cgil.milano.it/servizi/inca-patronato/;Tel. 02 301919;cgil.milano.it;icon-sportello-locale.png
CAAF CGIL / Patronato INCA — Via Boiardo;45,49982;9,22345;Via Boiardo 20, Milano;Patronato / CAF;sociale;;;;;;Domanda invalidità civile, indennità di accompagnamento, riconoscimento L.104, ISEE;;https://www.cgil.milano.it/servizi/inca-patronato/;Tel. 02 54021516;cgil.milano.it;icon-sportello-locale.png
CAAF CGIL / Patronato INCA — Via Conte Rosso;45,4838224;9,2425376;Via Conte Rosso 30, Milano;Patronato / CAF;sociale;;;;;;Domanda invalidità civile, indennità di accompagnamento, riconoscimento L.104, ISEE;;https://www.cgil.milano.it/servizi/inca-patronato/;Tel. 02 301919;cgil.milano.it;icon-sportello-locale.png
CAAF CGIL / Patronato INCA — Via Giambellino;45,4481935;9,1414941;Via Giambellino 115, Milano;Patronato / CAF;sociale;;;;;;Domanda invalidità civile, indennità di accompagnamento, riconoscimento L.104, ISEE;;https://www.cgil.milano.it/servizi/inca-patronato/;Tel. 02 301919;cgil.milano.it;icon-sportello-locale.png
CAAF CGIL / Patronato INCA — Via Mercantini;45,4866507;9,1984296;Via Mercantini Luigi 15, Milano;Patronato / CAF;sociale;;;;;;Domanda invalidità civile, indennità di accompagnamento, riconoscimento L.104, ISEE;;https://www.cgil.milano.it/servizi/inca-patronato/;Tel. 02 301919;cgil.milano.it;icon-sportello-locale.png
CAAF CGIL / Patronato INCA — Via Oglio;45,4403767;9,2185666;Via Oglio 16, Milano;Patronato / CAF;sociale;;;;;;Domanda invalidità civile, indennità di accompagnamento, riconoscimento L.104, ISEE;;https://www.cgil.milano.it/servizi/inca-patronato/;Tel. 02 301919;cgil.milano.it;icon-sportello-locale.png
CAAF CGIL / Patronato INCA — Via Padova;45,4889184;9,2204733;Via Padova 36, Milano;Patronato / CAF;sociale;;;;;;Domanda invalidità civile, indennità di accompagnamento, riconoscimento L.104, ISEE;;https://www.cgil.milano.it/servizi/inca-patronato/;Tel. 02 301919;cgil.milano.it;icon-sportello-locale.png
CAAF CGIL / Patronato INCA — Via Papi Lazzaro;45,4756863;9,2071426;Via Papi Lazzaro 10, Milano;Patronato / CAF;sociale;;;;;;Domanda invalidità civile, indennità di accompagnamento, riconoscimento L.104, ISEE;;https://www.cgil.milano.it/servizi/inca-patronato/;Tel. 02 301919;cgil.milano.it;icon-sportello-locale.png
CAAF CGIL / Patronato INCA — Via Rogoredo;45,43094;9,24392;Via Rogoredo 41, Milano;Patronato / CAF;sociale;;;;;;Domanda invalidità civile, indennità di accompagnamento, riconoscimento L.104, ISEE;;https://www.cgil.milano.it/servizi/inca-patronato/;Tel. 02 301919;cgil.milano.it;icon-sportello-locale.png
CAAF CGIL / Patronato INCA — Viale Faenza;45,4368013;9,1543083;Viale Faenza 1, Milano;Patronato / CAF;sociale;;;;;;Domanda invalidità civile, indennità di accompagnamento, riconoscimento L.104, ISEE;;https://www.cgil.milano.it/servizi/inca-patronato/;Tel. 02 301919;cgil.milano.it;icon-sportello-locale.png
CAAF CGIL / Patronato INCA — Via Volturno;45,4883137;9,1909314;Via Volturno 43, Milano;Patronato / CAF;sociale;;;;;;Domanda invalidità civile, indennità di accompagnamento, riconoscimento L.104, ISEE;;https://www.cgil.milano.it/servizi/inca-patronato/;Tel. 02 301919;cgil.milano.it;icon-sportello-locale.png
CAAF CGIL / Patronato INCA — Piazza Anita Garibaldi;45,4626704;9,0879611;Piazza Anita Garibaldi 1, Milano;Patronato / CAF;sociale;;;;;;Domanda invalidità civile, indennità di accompagnamento, riconoscimento L.104, ISEE;;https://www.cgil.milano.it/servizi/inca-patronato/;Tel. 02 301919;cgil.milano.it;icon-sportello-locale.png
Patronato INAS CISL — Via Benedetto Marcello (sede centrale);45,4805109;9,2081486;Via Benedetto Marcello 18, Milano;Patronato / CAF;sociale;;;;;;"Domanda invalidità civile, indennità di accompagnamento, riconoscimento L.104, ISEE; sportello disabilità dedicato (con FNP CISL)";;https://inas.it/ | https://inas.it/tutto-su-salute-e-benessere/2614-riconoscimento-di-invalidita-civile-handicap-e-disabilita.html;Tel. 02 29525021 — Numero verde 800249307;milano@inas.it — inas.it;icon-sportello-locale.png
Patronato INAS CISL — Largo Scalabrini;45,4496681;9,1408467;Largo Scalabrini 6, Milano;Patronato / CAF;sociale;;;;;;Domanda invalidità civile, indennità di accompagnamento, riconoscimento L.104, ISEE;;https://inas.it/;Tel. 02 20525607;inas.it;icon-sportello-locale.png
Patronato INAS CISL — Piazzale Selinunte;45,4724167;9,1382813;Piazzale Selinunte 6, Milano;Patronato / CAF;sociale;;;;;;Domanda invalidità civile, indennità di accompagnamento, riconoscimento L.104, ISEE;;https://inas.it/;Tel. 02 20525547;inas.it;icon-sportello-locale.png
Patronato INAS CISL — Via Fiorani;45,5316937;9,2332175;Via Fiorani 89, Milano;Patronato / CAF;sociale;;;;;;Domanda invalidità civile, indennità di accompagnamento, riconoscimento L.104, ISEE;;https://inas.it/;Tel. 02 20525615;inas.it;icon-sportello-locale.png
Patronato INAS CISL — Via Garibaldi;45,444991;9,0973036;Via Garibaldi 25, Milano;Patronato / CAF;sociale;;;;;;Domanda invalidità civile, indennità di accompagnamento, riconoscimento L.104, ISEE;;https://inas.it/;Tel. 02 20525473;inas.it;icon-sportello-locale.png
Patronato INAS CISL — Via dei Mille;45,4248;9,11157;Via Dei Mille 14, Milano;Patronato / CAF;sociale;;;;;;Domanda invalidità civile, indennità di accompagnamento, riconoscimento L.104, ISEE;;https://inas.it/;Tel. 02 20525293;inas.it;icon-sportello-locale.png
Patronato INAS CISL — Via Valassina (nuova sede CISL);45,50009;9,18767;Via Valassina 22, Milano;Patronato / CAF;sociale;;;;;;"Domanda invalidità civile, indennità di accompagnamento, riconoscimento L.104, ISEE; sportello disabilità dedicato";;https://inas.it/;Numero verde 800249307;inas.it;icon-sportello-locale.png
Patronato ITAL UIL — Via Campanini (sede centrale);45,4863581;9,1981887;Via Campanini 7, Milano;Patronato / CAF;sociale;;;;;;Domanda invalidità civile, indennità di accompagnamento, riconoscimento L.104, ISEE;;https://uilmilanolombardia.it/;Tel. 02 671103409;milano@pec.italuil.it — uilmilanolombardia.it;icon-sportello-locale.png
Patronato ACLI — Via della Signora (sede provinciale);45,4616773;9,1963027;Via della Signora 3, Milano;Patronato / CAF;sociale;;;;;;"Domanda invalidità civile, indennità di accompagnamento, riconoscimento L.104, ISEE; sportello Amministratore di Sostegno gratuito (mar 10-12, mer 14-16)";;https://www.aclimilano.it/invalidita-civile/;Tel. 02 255 44 777 (tasto 3);appuntamenti.mi@patronato.acli.it — aclimilano.it;icon-sportello-locale.png
Patronato ACLI — Via Ripa di Porta Ticinese;45,4486436;9,1609693;Via Ripa di Porta Ticinese 111, Milano;Patronato / CAF;sociale;;;;;;Domanda invalidità civile, indennità di accompagnamento, riconoscimento L.104, ISEE;;https://www.aclimilano.it/invalidita-civile/;Tel. 02 77231;aclimilano.it;icon-sportello-locale.png
Patronato ACLI — Via Albani;45,4796449;9,1475982;Via Albani 21, Milano;Patronato / CAF;sociale;;;;;;Domanda invalidità civile, indennità di accompagnamento, riconoscimento L.104, ISEE;;https://www.aclimilano.it/invalidita-civile/;Tel. 02 77231;aclimilano.it;icon-sportello-locale.png
Patronato ACLI — Viale Lucania;45,4414424;9,2245281;Viale Lucania 12, Milano;Patronato / CAF;sociale;;;;;;Domanda invalidità civile, indennità di accompagnamento, riconoscimento L.104, ISEE;;https://www.aclimilano.it/invalidita-civile/;Tel. 02 77231;aclimilano.it;icon-sportello-locale.png
Patronato ACLI — Via Conte Rosso;45,482009;9,2425015;Via Conte Rosso 7, Milano;Patronato / CAF;sociale;;;;;;Domanda invalidità civile, indennità di accompagnamento, riconoscimento L.104, ISEE;;https://www.aclimilano.it/invalidita-civile/;Tel. 02 77231;aclimilano.it;icon-sportello-locale.png
Centro Polo Mozart;45,4542533;9,1960954;Corso di Porta Vigentina 15, Milano;Centro socio-ricreativo;sociale;;;;"Attività ricreative e di aggregazione per anziani (lun-ven pomeriggio); tombola, ginnastica dolce, ballo";;;;https://www.polomozart.org;Tel. 0288440330;www.polomozart.org;icon-centro-socio-ricreativo.png
Centro Il Sorriso;45,4915244;9,2413663;Via Crescenzago 56, Milano;Centro socio-ricreativo;sociale;;;Ginnastica dolce, yoga, tai chi;"Ballo, corsi, gite e visite guidate; socializzazione";;;;https://csrcsorriso.altervista.org;Tel. 3755132437;csrcsorriso.altervista.org;icon-centro-socio-ricreativo.png
Centro Ricordi;45,48047;9,20672;Via Ruggero Boscovich 42, Milano;Centro socio-ricreativo;sociale;;;"Ginnastica dolce, yoga, tai chi, attività ludiche; giornate di ballo la domenica";"Attività di socializzazione e aggregazione per anziani; Alzheimer Café 2 volte/mese";Alzheimer Café: stimolazione cognitiva, arteterapia, musicoterapia;;Alzheimer Café: spazio d'ascolto per caregiver (2 volte/mese);https://piccoloprincipeonlus.org/alzheimer-cafe/;Tel. 0220245017;—;icon-centro-socio-ricreativo.png
Centro Aldini;45,51171;9,13162;Via Aldini 72, Milano;Centro socio-ricreativo;sociale;;;Ginnastica dolce, yoga, coro, balli di gruppo;"Tombola, università terza età, viaggi; aggregazione sociale per anziani";;;;https://www.ats-milano.it/ats/carta-servizi/guida-servizi/assistenza-sociosanitaria/case-comunita/casa-comunita;Tel. 0233294779;—;icon-centro-socio-ricreativo.png
Gruppo di Cammino ATS — Giardini Montanelli;45,4736604;9,2038038;Corso Venezia 57, Milano;Gruppo di cammino ATS;sociale;;;Camminata di gruppo guidata da walking leader ATS (min. 2 volte/settimana, ~1 ora);"Attività collettiva in spazio urbano aperto; socializzazione e protagonismo sociale";;;;https://www.ats-milano.it/gruppi-cammino;PromozioneSalute@ats-milano.it;ats-milano.it/gruppi-cammino;icon-gdc.png
Gruppo di Cammino ATS — Gorla Piazza Piccoli Martiri;45,504453;9,2243378;Piazza Piccoli Martiri, Milano;Gruppo di cammino ATS;sociale;;;Camminata di gruppo guidata da walking leader ATS;"Attività collettiva in spazio urbano aperto; socializzazione";;;;https://www.ats-milano.it/gruppi-cammino;PromozioneSalute@ats-milano.it;ats-milano.it/gruppi-cammino;icon-gdc.png
Gruppo di Cammino ATS — Quartiere Adriano;45,5145278;9,2488305;Via Trasimeno 41, Milano;Gruppo di cammino ATS;sociale;;;Camminata di gruppo guidata da walking leader ATS;"Attività collettiva in spazio urbano aperto; socializzazione";;;;https://www.ats-milano.it/gruppi-cammino;PromozioneSalute@ats-milano.it;ats-milano.it/gruppi-cammino;icon-gdc.png
Gruppo di Cammino ATS — Quartiere Precotto;45,5132014;9,2276393;Via Bigiogera, Milano;Gruppo di cammino ATS;sociale;;;Camminata di gruppo guidata da walking leader ATS;"Attività collettiva in spazio urbano aperto; socializzazione";;;;https://www.ats-milano.it/gruppi-cammino;PromozioneSalute@ats-milano.it;ats-milano.it/gruppi-cammino;icon-gdc.png
Gruppo di Cammino ATS — Parco Lambro;45,4911696;9,2392295;Via Feltre, Milano;Gruppo di cammino ATS;sociale;;;Camminata di gruppo guidata da walking leader ATS;"Attività collettiva in spazio urbano aperto; socializzazione";;;;https://www.ats-milano.it/gruppi-cammino;PromozioneSalute@ats-milano.it;ats-milano.it/gruppi-cammino;icon-gdc.png
Gruppo di Cammino ATS — Giardino Marcello Candia;45,4470237;9,2162737;Via Colletta, Milano;Gruppo di cammino ATS;sociale;;;Camminata di gruppo guidata da walking leader ATS;"Attività collettiva in spazio urbano aperto; socializzazione";;;;https://www.ats-milano.it/gruppi-cammino;PromozioneSalute@ats-milano.it;ats-milano.it/gruppi-cammino;icon-gdc.png
Gruppo di Cammino ATS — Parco Galli;45,4450203;9,2413998;Via Salomone, Milano;Gruppo di cammino ATS;sociale;;;Camminata di gruppo guidata da walking leader ATS;"Attività collettiva in spazio urbano aperto; socializzazione";;;;https://www.ats-milano.it/gruppi-cammino;PromozioneSalute@ats-milano.it;ats-milano.it/gruppi-cammino;icon-gdc.png
Gruppo di Cammino ATS — Via San Vigilio;45,4294315;9,1606116;Via San Vigilio 43, Milano;Gruppo di cammino ATS;sociale;;;Camminata di gruppo guidata da walking leader ATS;"Attività collettiva in spazio urbano aperto; socializzazione";;;;https://www.ats-milano.it/gruppi-cammino;PromozioneSalute@ats-milano.it;ats-milano.it/gruppi-cammino;icon-gdc.png
Gruppo di Cammino ATS — Parco Baden Powell;45,4466097;9,1685751;Via Argelati, Milano;Gruppo di cammino ATS;sociale;;;Camminata di gruppo guidata da walking leader ATS;"Attività collettiva in spazio urbano aperto; socializzazione";;;;https://www.ats-milano.it/gruppi-cammino;PromozioneSalute@ats-milano.it;ats-milano.it/gruppi-cammino;icon-gdc.png
Gruppo di Cammino ATS — Parco delle Cave;45,4599162;9,1037002;Via Bianca Milesi, Milano;Gruppo di cammino ATS;sociale;;;Camminata di gruppo guidata da walking leader ATS;"Attività collettiva in spazio urbano aperto; socializzazione";;;;https://www.ats-milano.it/gruppi-cammino;PromozioneSalute@ats-milano.it;ats-milano.it/gruppi-cammino;icon-gdc.png
Gruppo di Cammino ATS — Centro Carlo Poma;45,4774801;9,0880962;Via Caio Mario 18, Milano;Gruppo di cammino ATS;sociale;;;Camminata di gruppo guidata da walking leader ATS;"Attività collettiva in spazio urbano aperto; socializzazione";;;;https://www.ats-milano.it/gruppi-cammino;PromozioneSalute@ats-milano.it;ats-milano.it/gruppi-cammino;icon-gdc.png
Gruppo di Cammino ATS — Parco Boscoincitta Figino;45,4940801;9,0789462;Via Ponte del Giuscano, Milano;Gruppo di cammino ATS;sociale;;;Camminata di gruppo guidata da walking leader ATS;"Attività collettiva in spazio urbano aperto; socializzazione";;;;https://www.ats-milano.it/gruppi-cammino;PromozioneSalute@ats-milano.it;ats-milano.it/gruppi-cammino;icon-gdc.png
Gruppo di Cammino ATS — Parco Montestella;45,4873596;9,1305572;Via Terzaghi, Milano;Gruppo di cammino ATS;sociale;;;Camminata di gruppo guidata da walking leader ATS;"Attività collettiva in spazio urbano aperto; socializzazione";;;;https://www.ats-milano.it/gruppi-cammino;PromozioneSalute@ats-milano.it;ats-milano.it/gruppi-cammino;icon-gdc.png
Gruppo di Cammino ATS — Centro Ricreativo Culturale 77;45,5052545;9,1283007;Via Sapri 79, Milano;Gruppo di cammino ATS;sociale;;;Camminata di gruppo guidata da walking leader ATS;"Attività collettiva in spazio urbano aperto; socializzazione";;;;https://www.ats-milano.it/gruppi-cammino;PromozioneSalute@ats-milano.it;ats-milano.it/gruppi-cammino;icon-gdc.png
Gruppo di Cammino ATS — Quartiere Boldinasco;45,4948;9,13422;Via Giovanni della Casa 19, Milano;Gruppo di cammino ATS;sociale;;;Camminata di gruppo guidata da walking leader ATS;"Attività collettiva in spazio urbano aperto; socializzazione";;;;https://www.ats-milano.it/gruppi-cammino;PromozioneSalute@ats-milano.it;ats-milano.it/gruppi-cammino;icon-gdc.png
Gruppo di Cammino ATS — Parco Villa Litta;45,517047;9,1707707;Viale Affori 2, Milano;Gruppo di cammino ATS;sociale;;;Camminata di gruppo guidata da walking leader ATS;"Attività collettiva in spazio urbano aperto; socializzazione";;;;https://www.ats-milano.it/gruppi-cammino;PromozioneSalute@ats-milano.it;ats-milano.it/gruppi-cammino;icon-gdc.png
Centri di Ascolto Parrocchiali / Caritas;;;X;Rete parrocchiale / terzo settore;sociale;;;;Ascolto e accoglienza (da verificare);;;Orientamento e supporto sociale (da verificare);;—;—;icon-centro-di-ascolto.png
Walter Vinci ONLUS;45,46805;9,14782;Via Correggio 65, Milano;Associazione / terzo settore;sociale;;;"MoViMenti (danzamovimentoterapia); FantaOrto (giardinaggio terapeutico); SonoraMente (musicoterapia/canto corale per Alzheimer)";"Laboratori occupazionali e di socializzazione intergenerazionale; attività aperte a familiari e caregiver";SonoraMente: musicoterapia per riduzione disturbi comportamentali e mantenimento capacità residue;A Cuor Leggero: sostegno psicologico con metodo biblioterapeutico;"Gruppo di auto-mutuo-aiuto per caregiver familiari; A Cuor Leggero: sostegno psicologico con biblioterapia";https://www.waltervincionlus.it/servizi-e-attivita/ | https://www.waltervincionlus.it/progetti/sonoramente/;Tel. 0236740895 — 3755950805;info@waltervincionlus.it;icon-associazione.png
Le Compagnie Malviste APS;45,47103;9,10929;Via Fratelli Zoia 89, Milano;Associazione di promozione sociale;sociale;;;Teatro Fragile/Maneggiare con cura: laboratorio psicosociale teatrale per persone con Alzheimer e demenze lievi-moderate;"Alzheimer Café teatrale ad accesso libero; performance in spazi urbani aperte alla comunità";Interventi psicosociali di tipo artistico per riduzione isolamento e mantenimento qualità di vita;;"Laboratorio aperto anche a caregiver e familiari; spazio di confronto e condivisione";https://www.lecompagniemalviste.org/teatro-fragile/ | https://alconfine.net/alzheimer-cafe/alzheimer-cafe-zona-9/;Tel. 3518009578;segreteria@lecompagniemalviste.org;icon-associazione.png
ACLI Colf;45,4615363;9,1961926;Via Della Signora, Milano;Patronato / terzo settore;sociale;;;;;;Gestione contrattuale e amministrativa di colf e assistenti familiari (contratto badante, contributi);Gestione contrattuale e amministrativa di colf/assistenti familiari;https://www.aclimilano.it/assistenza-domiciliare/;Tel. 027723284;colf@aclimilano.com;icon-sportello-locale.png
Fondazione Ravasi-Garzanti;;;X;Fondazione / terzo settore;sociale;"Orientamento informativo e psicologico sul percorso di cura; consulenza per valutare soluzioni di assistenza";;;;;"Aiuti economici a famiglie segnalate dai servizi sociali (con ISEE); consulenza legale (amministratore di sostegno, invalidità) via Associazione Il Cerchio";"Supporto psicologico al caregiver; Progetto Curami&Proteggimi: percorsi personalizzati e continuativi per famiglie";https://fondazioneravasi-garzanti.org/progetto-alzheimer/ | https://www.curamieproteggimi.it/partnership/progetto-alzheimer/;Tel. 0231059761;—;icon-associazione.png
AUSER — Filo d'Argento;;;X;Associazione / terzo settore;sociale;;Trasporto per pazienti autonomi nella deambulazione (volontari con mezzo proprio);;"Accompagnamento sociale dei volontari; riduzione isolamento";;;;https://www.ats-milano.it/gruppi-cammino;Tel. 0226826320 (tasto 1);—;icon-associazione.png
Associazione ALATHA;;;X;Associazione / terzo settore;sociale;;Trasporto pazienti con e senza difficoltà di deambulazione (servizio a pagamento);;;;;;https://alatha.org;Tel. 02422571;ufficiotrasporti@alatha.it — alatha.org;icon-associazione.png